Campaign Name,Ad Group Name,Targeting,Match Type,Current Bid,Proposed Bid,Change (%),Action,Clicks,Impressions,Cost,Sales,Orders,ACOS (%),CVR (%),CPC,Target ACOS (%),Confidence,Rationale
"Slices MANUAL","Slices MANUAL","legno",BROAD,0.11,0.08,-27.3,decrease,76,0,7.45,22.09,1,33.7,1.32,0.10,20,OK,"ACOS 33.7% exceeds target range (16%-22%). CVR: 1.32%. Decreasing bid by 25.0% to improve efficiency. Formula: 0.11 × (20/33.7) = 0.07, capped at -25%."
"Lineal MANUAL KEYWORDS","Lineal MANUAL 30CM","squadra per sarta",BROAD,0.23,0.17,-26.1,decrease,87,0,25.47,88.19,8,28.9,9.20,0.29,20,OK,"ACOS 28.9% exceeds target range (16%-22%). CVR: 9.20%. Decreasing bid by 25.0% to improve efficiency. Formula: 0.23 × (20/28.9) = 0.16, capped at -25%."
"Paint AUTO OIL","Paint AUTO OIL 12ml","close-match",TARGETING_EXPRESSION_PREDEFINED,0.31,0.23,-25.8,decrease,147,0,46.92,119.28,9,39.3,6.12,0.32,20,Good,"ACOS 39.3% exceeds target range (16%-22%). CVR: 6.12%. Decreasing bid by 25.0% to improve efficiency. Formula: 0.31 × (20/39.3) = 0.16, capped at -25%."
"SP Cutting Mat AUTO DETAIL","Cutting Mat A3","complements",TARGETING_EXPRESSION_PREDEFINED,0.31,0.23,-25.8,decrease,175,0,52.38,91.62,6,57.2,3.43,0.30,20,Good,"ACOS 57.2% exceeds target range (16%-22%). CVR: 3.43%. Decreasing bid by 25.0% to improve efficiency. Formula: 0.31 × (20/57.2) = 0.11, capped at -25%."
"Lineal MANUAL KEYWORDS","Lineal MANUAL 60CM","righello da sarta",BROAD,0.31,0.23,-25.8,decrease,42,0,15.11,47.27,3,32.0,7.14,0.36,20,OK,"ACOS 32.0% exceeds target range (16%-22%). CVR: 7.14%. Decreasing bid by 25.0% to improve efficiency. Formula: 0.31 × (20/32.0) = 0.19, capped at -25%."
"Slices MANUAL","Slices MANUAL","tronchetti legno",PHRASE,0.31,0.23,-25.8,decrease,36,0,12.76,17.99,1,70.9,2.78,0.35,20,OK,"ACOS 70.9% exceeds target range (16%-22%). CVR: 2.78%. Decreasing bid by 25.0% to improve efficiency. Formula: 0.31 × (20/70.9) = 0.09, capped at -25%."
"Slices MANUAL","Slices MANUAL","tronco di legno",PHRASE,0.31,0.23,-25.8,decrease,102,0,31.84,99.28,4,32.1,3.92,0.31,20,Good,"ACOS 32.1% exceeds target range (16%-22%). CVR: 3.92%. Decreasing bid by 25.0% to improve efficiency. Formula: 0.31 × (20/32.1) = 0.19, capped at -25%."
"Stretched Canvas AUTO Detail","Stretched Canvas AUTO 30x60","loose-match",TARGETING_EXPRESSION_PREDEFINED,0.43,0.32,-25.6,decrease,148,0,67.48,166.97,6,40.4,4.05,0.46,20,Good,"ACOS 40.4% exceeds target range (16%-22%). CVR: 4.05%. Decreasing bid by 25.0% to improve efficiency. Formula: 0.43 × (20/40.4) = 0.21, capped at -25%."
"SP-PT Cutting Mat MAXKO","Cutting Mat MAXKO","asin=""B01MSMAO37""",TARGETING_EXPRESSION,0.51,0.38,-25.5,decrease,47,0,19.91,67.05,4,29.7,8.51,0.42,20,OK,"ACOS 29.7% exceeds target range (16%-22%). CVR: 8.51%. Decreasing bid by 25.0% to improve efficiency. Formula: 0.51 × (20/29.7) = 0.34, capped at -25%."
"SP-PT Cutting Mat OFFICETREE","Cutting Mat OFFICETREE","asin=""B072J3ZTH4""",TARGETING_EXPRESSION,0.51,0.38,-25.5,decrease,89,0,40.10,58.07,3,69.1,3.37,0.45,20,OK,"ACOS 69.1% exceeds target range (16%-22%). CVR: 3.37%. Decreasing bid by 25.0% to improve efficiency. Formula: 0.51 × (20/69.1) = 0.15, capped at -25%."
"SP-PT Cutting Mat LA CANILLA","Cutting Mat LA CANILLA","asin=""B07XRJXBJW""",TARGETING_EXPRESSION,0.51,0.38,-25.5,decrease,36,0,14.92,35.99,2,41.5,5.56,0.41,20,OK,"ACOS 41.5% exceeds target range (16%-22%). CVR: 5.56%. Decreasing bid by 25.0% to improve efficiency. Formula: 0.51 × (20/41.5) = 0.25, capped at -25%."
"SP AUTO HOG Paint Brush Set 12S","SP AUTO HOG Paint Brush Set 12S","close-match",TARGETING_EXPRESSION_PREDEFINED,0.51,0.38,-25.5,decrease,91,0,44.95,105.76,11,42.5,12.09,0.49,20,OK,"ACOS 42.5% exceeds target range (16%-22%). CVR: 12.09%. Decreasing bid by 25.0% to improve efficiency. Formula: 0.51 × (20/42.5) = 0.24, capped at -25%."
"Slices MANUAL","Slices MANUAL 16","dischi di legno 15 cm",BROAD,0.51,0.38,-25.5,decrease,32,0,16.70,27.01,1,61.8,3.13,0.52,20,OK,"ACOS 61.8% exceeds target range (16%-22%). CVR: 3.13%. Decreasing bid by 25.0% to improve efficiency. Formula: 0.51 × (20/61.8) = 0.16, capped at -25%."
"Slices MANUAL","Slices MANUAL 23","dischi legno 20 cm",BROAD,0.55,0.41,-25.5,decrease,119,0,65.11,36.84,1,176.7,0.84,0.55,20,Good,"ACOS 176.7% exceeds target range (16%-22%). CVR: 0.84%. Decreasing bid by 25.0% to improve efficiency. Formula: 0.55 × (20/176.7) = 0.06, capped at -25%."
"Cutting Mat MANUAL A3 La Canilla","Cutting Mat A3 La Canilla - A3","la canilla cutting mat a3",PHRASE,0.51,0.38,-25.5,decrease,56,0,27.02,94.05,5,28.7,8.93,0.48,20,OK,"ACOS 28.7% exceeds target range (16%-22%). CVR: 8.93%. Decreasing bid by 25.0% to improve efficiency. Formula: 0.51 × (20/28.7) = 0.36, capped at -25%."
"SP Manual General Keywords ALL Paint Brush","SP Manual General Keywords Paint Brush - 12 SETS + 24 NYLON","pennelli",PHRASE,0.51,0.38,-25.5,decrease,646,0,324.70,416.37,33,78.0,5.11,0.50,20,High,"ACOS 78.0% exceeds target range (16%-22%). CVR: 5.11%. Decreasing bid by 25.0% to improve efficiency. Formula: 0.51 × (20/78.0) = 0.13, capped at -25%."
"SP Manual Keywords HOG Flat Paint Brush","SP Manual Keywords HOG Flat Paint Brush","pennelli a punta piatta",BROAD,0.51,0.38,-25.5,decrease,77,0,31.56,26.76,3,117.9,3.90,0.41,20,OK,"ACOS 117.9% exceeds target range (16%-22%). CVR: 3.90%. Decreasing bid by 25.0% to improve efficiency. Formula: 0.51 × (20/117.9) = 0.09, capped at -25%."
"SP Manual General Keywords ALL Paint Brush","SP Manual General Keywords Paint Brush - 12 SETS + 24 NYLON","pennelli da pittura",BROAD,0.51,0.38,-25.5,decrease,44,0,23.42,45.17,5,51.8,11.36,0.53,20,OK,"ACOS 51.8% exceeds target range (16%-22%). CVR: 11.36%. Decreasing bid by 25.0% to improve efficiency. Formula: 0.51 × (20/51.8) = 0.20, capped at -25%."
"SP Manual General Keywords ALL Paint Brush","SP Manual General Keywords Paint Brush - 12 SETS + 24 NYLON","pennelli per dipingere",BROAD,0.51,0.38,-25.5,decrease,60,0,30.45,68.20,7,44.6,11.67,0.51,20,OK,"ACOS 44.6% exceeds target range (16%-22%). CVR: 11.67%. Decreasing bid by 25.0% to improve efficiency. Formula: 0.51 × (20/44.6) = 0.23, capped at -25%."
"SP Manual Keywords HOG Flat Paint Brush","SP Manual Keywords HOG Flat Paint Brush","pennelli piatti",BROAD,0.51,0.38,-25.5,decrease,83,0,38.85,129.65,9,30.0,10.84,0.47,20,OK,"ACOS 30.0% exceeds target range (16%-22%). CVR: 10.84%. Decreasing bid by 25.0% to improve efficiency. Formula: 0.51 × (20/30.0) = 0.34, capped at -25%."
"SP Manual Keywords HOG Round Paint Brush","SP Manual Keywords HOG Round Paint Brush","pennelli punta tonda",BROAD,0.51,0.38,-25.5,decrease,87,0,41.41,44.90,5,92.2,5.75,0.48,20,OK,"ACOS 92.2% exceeds target range (16%-22%). CVR: 5.75%. Decreasing bid by 25.0% to improve efficiency. Formula: 0.51 × (20/92.2) = 0.11, capped at -25%."
"SP Manual Keywords NYL Round Paint Brush","SP Manual Keywords NYL Round Paint Brush","pennelli punta tonda",BROAD,0.51,0.38,-25.5,decrease,37,0,16.35,32.64,4,50.1,10.81,0.44,20,OK,"ACOS 50.1% exceeds target range (16%-22%). CVR: 10.81%. Decreasing bid by 25.0% to improve efficiency. Formula: 0.51 × (20/50.1) = 0.20, capped at -25%."
"SP Manual General Keywords ALL Paint Brush","SP Manual General Keywords Paint Brush - 12 SETS + 24 NYLON","pennello",BROAD,0.51,0.38,-25.5,decrease,394,0,179.98,319.67,29,56.3,7.36,0.46,20,High,"ACOS 56.3% exceeds target range (16%-22%). CVR: 7.36%. Decreasing bid by 25.0% to improve efficiency. Formula: 0.51 × (20/56.3) = 0.18, capped at -25%."
"SP Manual Keywords HOG Filbert Paint Brush","SP Manual Keywords HOG Filbert Paint Brush","pennello lingua di gatto",BROAD,0.51,0.38,-25.5,decrease,126,0,46.03,57.12,6,80.6,4.76,0.37,20,Good,"ACOS 80.6% exceeds target range (16%-22%). CVR: 4.76%. Decreasing bid by 25.0% to improve efficiency. Formula: 0.51 × (20/80.6) = 0.13, capped at -25%."
"SP Manual Keywords HOG Filbert Paint Brush","SP Manual Keywords HOG Filbert Paint Brush","pennello lingua di gatto",PHRASE,0.51,0.38,-25.5,decrease,95,0,25.18,55.84,7,45.1,7.37,0.27,20,OK,"ACOS 45.1% exceeds target range (16%-22%). CVR: 7.37%. Decreasing bid by 25.0% to improve efficiency. Formula: 0.51 × (20/45.1) = 0.23, capped at -25%."
"SP Manual General Keywords ALL Paint Brush","SP Manual General Keywords Paint Brush - 12 SETS + 24 NYLON","pennello per dipingere",PHRASE,0.51,0.38,-25.5,decrease,42,0,21.98,32.41,3,67.8,7.14,0.52,20,OK,"ACOS 67.8% exceeds target range (16%-22%). CVR: 7.14%. Decreasing bid by 25.0% to improve efficiency. Formula: 0.51 × (20/67.8) = 0.15, capped at -25%."
"SP Manual General Keywords ALL Paint Brush","SP Manual General Keywords Paint Brush - 12 SETS + 24 NYLON","pennello pittura",PHRASE,0.51,0.38,-25.5,decrease,33,0,17.85,55.79,5,32.0,15.15,0.54,20,OK,"ACOS 32.0% exceeds target range (16%-22%). CVR: 15.15%. Decreasing bid by 25.0% to improve efficiency. Formula: 0.51 × (20/32.0) = 0.32, capped at -25%."
"SP Manual Keywords HOG Round Paint Brush","SP Manual Keywords HOG Round Paint Brush","pennello punta",BROAD,0.51,0.38,-25.5,decrease,39,0,17.97,8.98,1,200.1,2.56,0.46,20,OK,"ACOS 200.1% exceeds target range (16%-22%). CVR: 2.56%. Decreasing bid by 25.0% to improve efficiency. Formula: 0.51 × (20/200.1) = 0.05, capped at -25%."
"Stretched Canvas MANUAL Detail","Stretched Canvas MANUAL LARGE","tele da dipingere grandi",BROAD,0.51,0.38,-25.5,decrease,124,0,70.41,236.00,4,29.8,3.23,0.57,20,Good,"ACOS 29.8% exceeds target range (16%-22%). CVR: 3.23%. Decreasing bid by 25.0% to improve efficiency. Formula: 0.51 × (20/29.8) = 0.34, capped at -25%."
"Premium Stretched Canvas AUTO DETAIL","Premium Stretched Canvas AUTO 90x120","loose-match",TARGETING_EXPRESSION_PREDEFINED,0.83,0.62,-25.3,decrease,79,0,60.46,69.63,1,86.8,1.27,0.77,20,OK,"ACOS 86.8% exceeds target range (16%-22%). CVR: 1.27%. Decreasing bid by 25.0% to improve efficiency. Formula: 0.83 × (20/86.8) = 0.19, capped at -25%."
"Stretched Canvas AUTO Detail","Stretched Canvas AUTO 45x60","loose-match",TARGETING_EXPRESSION_PREDEFINED,0.47,0.35,-25.3,decrease,49,0,22.95,76.02,2,30.2,4.08,0.47,20,OK,"ACOS 30.2% exceeds target range (16%-22%). CVR: 4.08%. Decreasing bid by 25.0% to improve efficiency. Formula: 0.47 × (20/30.2) = 0.31, capped at -25%."
"Books MANUAL","Water MANUAL","album per acquerello",BROAD,0.28,0.21,-25.0,decrease,197,0,61.45,115.17,10,53.4,5.08,0.31,20,Good,"ACOS 53.4% exceeds target range (16%-22%). CVR: 5.08%. Decreasing bid by 25.0% to improve efficiency. Formula: 0.28 × (20/53.4) = 0.10, capped at -25%."
"Rotary Cutter Product Target (UD)","Rotary Cutter Product Target","asin=""B0012FHV8G""",TARGETING_EXPRESSION,0.28,0.21,-25.0,decrease,514,0,219.12,742.39,68,29.5,13.23,0.43,20,High,"ACOS 29.5% exceeds target range (16%-22%). CVR: 13.23%. Decreasing bid by 25.0% to improve efficiency. Formula: 0.28 × (20/29.5) = 0.19, capped at -25%."
"Lineal Product Target (D)","Lineal Product Target","asin=""B0CCKTHK84""",TARGETING_EXPRESSION,0.28,0.21,-25.0,decrease,108,0,30.41,17.78,2,171.0,1.85,0.28,20,Good,"ACOS 171.0% exceeds target range (16%-22%). CVR: 1.85%. Decreasing bid by 25.0% to improve efficiency. Formula: 0.28 × (20/171.0) = 0.03, capped at -25%."
"Books MANUAL","Water MANUAL","blocchi da acquerello",BROAD,0.28,0.21,-25.0,decrease,81,0,24.63,71.88,6,34.3,7.41,0.30,20,OK,"ACOS 34.3% exceeds target range (16%-22%). CVR: 7.41%. Decreasing bid by 25.0% to improve efficiency. Formula: 0.28 × (20/34.3) = 0.16, capped at -25%."
"Books CAT (D)","Water CAT","category=""Carta per acquarelli""",TARGETING_EXPRESSION,0.16,0.12,-25.0,decrease,36,0,6.64,13.07,1,50.8,2.78,0.18,20,OK,"ACOS 50.8% exceeds target range (16%-22%). CVR: 2.78%. Decreasing bid by 25.0% to improve efficiency. Formula: 0.16 × (20/50.8) = 0.06, capped at -25%."
"SP Cutting Mat CAT DETAIL","Cutting Mat A3","category=""Tappetini per taglio per quilting""",TARGETING_EXPRESSION,0.28,0.21,-25.0,decrease,42,0,10.66,31.06,2,34.3,4.76,0.25,20,OK,"ACOS 34.3% exceeds target range (16%-22%). CVR: 4.76%. Decreasing bid by 25.0% to improve efficiency. Formula: 0.28 × (20/34.3) = 0.16, capped at -25%."
"Premium Stretched Canvas CAT Detail","Premium Stretched Canvas CAT 80x120","category=""Tele intelaiate per artisti""",TARGETING_EXPRESSION,0.48,0.36,-25.0,decrease,93,0,41.43,77.01,1,53.8,1.08,0.45,20,OK,"ACOS 53.8% exceeds target range (16%-22%). CVR: 1.08%. Decreasing bid by 25.0% to improve efficiency. Formula: 0.48 × (20/53.8) = 0.18, capped at -25%."
"Premium Stretched Canvas AUTO DETAIL","Premium Stretched Canvas AUTO 90x120","close-match",TARGETING_EXPRESSION_PREDEFINED,0.88,0.66,-25.0,decrease,135,0,110.42,40.12,1,275.2,0.74,0.82,20,Good,"ACOS 275.2% exceeds target range (16%-22%). CVR: 0.74%. Decreasing bid by 25.0% to improve efficiency. Formula: 0.88 × (20/275.2) = 0.06, capped at -25%."
"Slices AUTO","Slices AUTO","close-match",TARGETING_EXPRESSION_PREDEFINED,0.28,0.21,-25.0,decrease,121,0,40.33,105.71,4,38.2,3.31,0.33,20,Good,"ACOS 38.2% exceeds target range (16%-22%). CVR: 3.31%. Decreasing bid by 25.0% to improve efficiency. Formula: 0.28 × (20/38.2) = 0.15, capped at -25%."
"SP AUTO SAB Paint Brush Set 12PC","SP AUTO SAB Paint Brush Set 12PC","close-match",TARGETING_EXPRESSION_PREDEFINED,0.56,0.42,-25.0,decrease,69,0,34.44,71.50,6,48.2,8.70,0.50,20,OK,"ACOS 48.2% exceeds target range (16%-22%). CVR: 8.70%. Decreasing bid by 25.0% to improve efficiency. Formula: 0.56 × (20/48.2) = 0.23, capped at -25%."
"Stretched Canvas AUTO Detail","Stretched Canvas AUTO 50x70","close-match",TARGETING_EXPRESSION_PREDEFINED,0.48,0.36,-25.0,decrease,143,0,73.57,244.59,6,30.1,4.20,0.51,20,Good,"ACOS 30.1% exceeds target range (16%-22%). CVR: 4.20%. Decreasing bid by 25.0% to improve efficiency. Formula: 0.48 × (20/30.1) = 0.32, capped at -25%."
"Paint MANUAL OIL","Paint MANUAL OIL 12ml","colori a olio",EXACT,0.36,0.27,-25.0,decrease,612,0,228.64,648.37,36,35.3,5.88,0.37,20,High,"ACOS 35.3% exceeds target range (16%-22%). CVR: 5.88%. Decreasing bid by 25.0% to improve efficiency. Formula: 0.36 × (20/35.3) = 0.20, capped at -25%."
"Paint MANUAL OIL","Paint MANUAL OIL 12ml","colori a olio professionali",BROAD,0.48,0.36,-25.0,decrease,172,0,73.64,244.37,16,30.1,9.30,0.43,20,Good,"ACOS 30.1% exceeds target range (16%-22%). CVR: 9.30%. Decreasing bid by 25.0% to improve efficiency. Formula: 0.48 × (20/30.1) = 0.32, capped at -25%."
"Paint MANUAL OIL","Paint MANUAL OIL 12ml","colori ad olio per tela",BROAD,0.36,0.27,-25.0,decrease,192,0,66.39,247.61,17,26.8,8.85,0.35,20,Good,"ACOS 26.8% exceeds target range (16%-22%). CVR: 8.85%. Decreasing bid by 25.0% to improve efficiency. Formula: 0.36 × (20/26.8) = 0.27, capped at -25%."
"Paint AUTO GOUACHE","Paint AUTO GOUACHE","complements",TARGETING_EXPRESSION_PREDEFINED,0.28,0.21,-25.0,decrease,32,0,8.58,13.89,1,61.8,3.13,0.27,20,OK,"ACOS 61.8% exceeds target range (16%-22%). CVR: 3.13%. Decreasing bid by 25.0% to improve efficiency. Formula: 0.28 × (20/61.8) = 0.09, capped at -25%."
"Rotary Cutters AUTO","Rotary cutters AUTO","complements",TARGETING_EXPRESSION_PREDEFINED,0.12,0.09,-25.0,decrease,41,0,4.81,18.78,2,25.6,4.88,0.12,20,OK,"ACOS 25.6% exceeds target range (16%-22%). CVR: 4.88%. Decreasing bid by 21.9% to improve efficiency. Formula: 0.12 × (20/25.6) = 0.09, capped at -25%."
"SP Cutting Mat AUTO DETAIL","Cutting Mat A1","complements",TARGETING_EXPRESSION_PREDEFINED,0.36,0.27,-25.0,decrease,37,0,12.17,9.80,1,124.2,2.70,0.33,20,OK,"ACOS 124.2% exceeds target range (16%-22%). CVR: 2.70%. Decreasing bid by 25.0% to improve efficiency. Formula: 0.36 × (20/124.2) = 0.06, capped at -25%."
"SP Cutting Mat MANUAL","Cutting Mat A1","cutting mat a1",PHRASE,0.56,0.42,-25.0,decrease,32,0,18.20,65.49,2,27.8,6.25,0.57,20,OK,"ACOS 27.8% exceeds target range (16%-22%). CVR: 6.25%. Decreasing bid by 25.0% to improve efficiency. Formula: 0.56 × (20/27.8) = 0.40, capped at -25%."
"Books MANUAL","Water MANUAL","fogli da acquerello",PHRASE,0.28,0.21,-25.0,decrease,55,0,16.94,62.08,5,27.3,9.09,0.31,20,OK,"ACOS 27.3% exceeds target range (16%-22%). CVR: 9.09%. Decreasing bid by 25.0% to improve efficiency. Formula: 0.28 × (20/27.3) = 0.21, capped at -25%."
"Paint MANUAL GOUACHE","Paint MANUAL GOUACHE","gouache set",BROAD,0.36,0.27,-25.0,decrease,69,0,25.27,27.78,1,91.0,1.45,0.37,20,OK,"ACOS 91.0% exceeds target range (16%-22%). CVR: 1.45%. Decreasing bid by 25.0% to improve efficiency. Formula: 0.36 × (20/91.0) = 0.08, capped at -25%."
"Books AUTO","Sketch AUTO","loose-match",TARGETING_EXPRESSION_PREDEFINED,0.16,0.12,-25.0,decrease,62,0,9.58,9.80,1,97.8,1.61,0.15,20,OK,"ACOS 97.8% exceeds target range (16%-22%). CVR: 1.61%. Decreasing bid by 25.0% to improve efficiency. Formula: 0.16 × (20/97.8) = 0.03, capped at -25%."
"Books AUTO","Water AUTO","loose-match",TARGETING_EXPRESSION_PREDEFINED,0.16,0.12,-25.0,decrease,117,0,20.00,41.65,4,48.0,3.42,0.17,20,Good,"ACOS 48.0% exceeds target range (16%-22%). CVR: 3.42%. Decreasing bid by 25.0% to improve efficiency. Formula: 0.16 × (20/48.0) = 0.07, capped at -25%."
"Premium Stretched Canvas AUTO DETAIL","Premium Stretched Canvas AUTO 50x70","loose-match",TARGETING_EXPRESSION_PREDEFINED,0.48,0.36,-25.0,decrease,31,0,15.72,35.20,1,44.7,3.23,0.51,20,OK,"ACOS 44.7% exceeds target range (16%-22%). CVR: 3.23%. Decreasing bid by 25.0% to improve efficiency. Formula: 0.48 × (20/44.7) = 0.21, capped at -25%."
"Rotary Cutters AUTO","Rotary cutters AUTO","loose-match",TARGETING_EXPRESSION_PREDEFINED,0.12,0.09,-25.0,decrease,38,0,5.05,19.60,2,25.8,5.26,0.13,20,OK,"ACOS 25.8% exceeds target range (16%-22%). CVR: 5.26%. Decreasing bid by 22.4% to improve efficiency. Formula: 0.12 × (20/25.8) = 0.09, capped at -25%."
"SP AUTO NYL Round Paint Brush","SP AUTO NYL Round Paint Brush","loose-match",TARGETING_EXPRESSION_PREDEFINED,0.36,0.27,-25.0,decrease,58,0,20.48,24.48,3,83.7,5.17,0.35,20,OK,"ACOS 83.7% exceeds target range (16%-22%). CVR: 5.17%. Decreasing bid by 25.0% to improve efficiency. Formula: 0.36 × (20/83.7) = 0.09, capped at -25%."
"Lineal MANUAL KEYWORDS","Lineal MANUAL 30CM","morgantina",PHRASE,0.28,0.21,-25.0,decrease,188,0,57.75,180.49,18,32.0,9.57,0.31,20,Good,"ACOS 32.0% exceeds target range (16%-22%). CVR: 9.57%. Decreasing bid by 25.0% to improve efficiency. Formula: 0.28 × (20/32.0) = 0.18, capped at -25%."
"Paint MANUAL OIL","Paint MANUAL OIL 12ml","oil paints",BROAD,0.36,0.27,-25.0,decrease,108,0,38.09,74.37,5,51.2,4.63,0.35,20,Good,"ACOS 51.2% exceeds target range (16%-22%). CVR: 4.63%. Decreasing bid by 25.0% to improve efficiency. Formula: 0.36 × (20/51.2) = 0.14, capped at -25%."
"SP Manual Keywords NYL Round Paint Brush","SP Manual Keywords NYL Round Paint Brush","pennelli a punta tonda",BROAD,0.48,0.36,-25.0,decrease,205,0,85.95,259.54,30,33.1,14.63,0.42,20,Good,"ACOS 33.1% exceeds target range (16%-22%). CVR: 14.63%. Decreasing bid by 25.0% to improve efficiency. Formula: 0.48 × (20/33.1) = 0.29, capped at -25%."
"SP Manual Keywords SABLE Brush","SP Manual Keywords SABLE Brush","pennelli acquerelli",BROAD,0.56,0.42,-25.0,decrease,47,0,26.11,26.14,2,99.9,4.26,0.56,20,OK,"ACOS 99.9% exceeds target range (16%-22%). CVR: 4.26%. Decreasing bid by 25.0% to improve efficiency. Formula: 0.56 × (20/99.9) = 0.11, capped at -25%."
"SP Manual Keywords NYL Flat Paint Brush","SP Manual Keywords NYL Flat Paint Brush","pennelli piatti per dipingere",BROAD,0.48,0.36,-25.0,decrease,33,0,14.70,48.96,6,30.0,18.18,0.45,20,OK,"ACOS 30.0% exceeds target range (16%-22%). CVR: 18.18%. Decreasing bid by 25.0% to improve efficiency. Formula: 0.48 × (20/30.0) = 0.32, capped at -25%."
"SP Manual Keywords NYL Flat Paint Brush","SP Manual Keywords NYL Flat Paint Brush","pennelli punta piatta",BROAD,0.48,0.36,-25.0,decrease,99,0,40.74,115.88,14,35.2,14.14,0.41,20,OK,"ACOS 35.2% exceeds target range (16%-22%). CVR: 14.14%. Decreasing bid by 25.0% to improve efficiency. Formula: 0.48 × (20/35.2) = 0.27, capped at -25%."
"SP Manual Keywords NYL Flat Paint Brush","SP Manual Keywords NYL Flat Paint Brush","pennello piatto",PHRASE,0.48,0.36,-25.0,decrease,92,0,38.21,125.61,12,30.4,13.04,0.42,20,OK,"ACOS 30.4% exceeds target range (16%-22%). CVR: 13.04%. Decreasing bid by 25.0% to improve efficiency. Formula: 0.48 × (20/30.4) = 0.32, capped at -25%."
"Paint MANUAL OIL","Paint MANUAL OIL 12ml","pittura ad olio",EXACT,0.36,0.27,-25.0,decrease,70,0,24.82,74.06,5,33.5,7.14,0.35,20,OK,"ACOS 33.5% exceeds target range (16%-22%). CVR: 7.14%. Decreasing bid by 25.0% to improve efficiency. Formula: 0.36 × (20/33.5) = 0.21, capped at -25%."
"Lineal MANUAL KEYWORDS","Lineal MANUAL 60CM","righello per patchwork",EXACT,0.36,0.27,-25.0,decrease,72,0,27.04,53.13,4,50.9,5.56,0.38,20,OK,"ACOS 50.9% exceeds target range (16%-22%). CVR: 5.56%. Decreasing bid by 25.0% to improve efficiency. Formula: 0.36 × (20/50.9) = 0.14, capped at -25%."
"Lineal MANUAL KEYWORDS","Lineal MANUAL 30CM","righello x cucito",BROAD,0.28,0.21,-25.0,decrease,140,0,49.13,125.72,14,39.1,10.00,0.35,20,Good,"ACOS 39.1% exceeds target range (16%-22%). CVR: 10.00%. Decreasing bid by 25.0% to improve efficiency. Formula: 0.28 × (20/39.1) = 0.14, capped at -25%."
"Rotary Cutter - Manual - Exact - JA (keep running till regular MANUAL gets more clicks)","Rotary Cutter - Manual - Exact - JA","rotella taglia tessuti",EXACT,0.36,0.27,-25.0,decrease,98,0,33.74,117.60,12,28.7,12.24,0.34,20,OK,"ACOS 28.7% exceeds target range (16%-22%). CVR: 12.24%. Decreasing bid by 25.0% to improve efficiency. Formula: 0.36 × (20/28.7) = 0.25, capped at -25%."
"Rotary cutter MANUAL KEY","Rotary cutter MANUAL KEY","rotella taglio stoffa",BROAD,0.28,0.21,-25.0,decrease,35,0,10.71,19.60,2,54.6,5.71,0.31,20,OK,"ACOS 54.6% exceeds target range (16%-22%). CVR: 5.71%. Decreasing bid by 25.0% to improve efficiency. Formula: 0.28 × (20/54.6) = 0.10, capped at -25%."
"Paint MANUAL OIL","Paint MANUAL OIL 50ml","set colori ad olio",BROAD,0.56,0.42,-25.0,decrease,153,0,80.99,190.72,6,42.5,3.92,0.53,20,Good,"ACOS 42.5% exceeds target range (16%-22%). CVR: 3.92%. Decreasing bid by 25.0% to improve efficiency. Formula: 0.56 × (20/42.5) = 0.26, capped at -25%."
"Books MANUAL","Water MANUAL","sketchbook acquerello",PHRASE,0.28,0.21,-25.0,decrease,77,0,24.00,20.86,2,115.1,2.60,0.31,20,OK,"ACOS 115.1% exceeds target range (16%-22%). CVR: 2.60%. Decreasing bid by 25.0% to improve efficiency. Formula: 0.28 × (20/115.1) = 0.05, capped at -25%."
"Lineal MANUAL KEYWORDS","Lineal MANUAL 30CM","squadra cucito",EXACT,0.28,0.21,-25.0,decrease,31,0,8.28,17.96,2,46.1,6.45,0.27,20,OK,"ACOS 46.1% exceeds target range (16%-22%). CVR: 6.45%. Decreasing bid by 25.0% to improve efficiency. Formula: 0.28 × (20/46.1) = 0.12, capped at -25%."
"Lineal AUTOKEY","Lineal 30CM AUTOKEY","substitutes",TARGETING_EXPRESSION_PREDEFINED,0.12,0.09,-25.0,decrease,54,0,6.19,15.22,1,40.7,1.85,0.11,20,OK,"ACOS 40.7% exceeds target range (16%-22%). CVR: 1.85%. Decreasing bid by 25.0% to improve efficiency. Formula: 0.12 × (20/40.7) = 0.06, capped at -25%."
"Rotary cutter MANUAL KEY","Rotary cutter MANUAL KEY","taglierino circolare",BROAD,0.28,0.21,-25.0,decrease,69,0,25.31,38.38,4,65.9,5.80,0.37,20,OK,"ACOS 65.9% exceeds target range (16%-22%). CVR: 5.80%. Decreasing bid by 25.0% to improve efficiency. Formula: 0.28 × (20/65.9) = 0.08, capped at -25%."
"SP Cutting Mat MANUAL","Cutting Mat MANUAL ALL","tappetino da taglio autorigenerante",BROAD,0.36,0.27,-25.0,decrease,80,0,33.22,40.04,3,83.0,3.75,0.42,20,OK,"ACOS 83.0% exceeds target range (16%-22%). CVR: 3.75%. Decreasing bid by 25.0% to improve efficiency. Formula: 0.36 × (20/83.0) = 0.09, capped at -25%."
"SP Cutting Mat MANUAL","Cutting Mat Large","tappetino da taglio autorigenerante grande",BROAD,0.56,0.42,-25.0,decrease,37,0,20.24,27.01,1,74.9,2.70,0.55,20,OK,"ACOS 74.9% exceeds target range (16%-22%). CVR: 2.70%. Decreasing bid by 25.0% to improve efficiency. Formula: 0.56 × (20/74.9) = 0.15, capped at -25%."
"SP Cutting Mat MANUAL","Cutting Mat A0 120x90","tappetino per taglio 90x120",BROAD,0.96,0.72,-25.0,decrease,30,0,25.51,26.47,1,96.4,3.33,0.85,20,OK,"ACOS 96.4% exceeds target range (16%-22%). CVR: 3.33%. Decreasing bid by 25.0% to improve efficiency. Formula: 0.96 × (20/96.4) = 0.20, capped at -25%."
"SP Cutting Mat MANUAL","Cutting Mat A0","tappetino per taglio a0",BROAD,0.96,0.72,-25.0,decrease,61,0,48.15,84.30,1,57.1,1.64,0.79,20,OK,"ACOS 57.1% exceeds target range (16%-22%). CVR: 1.64%. Decreasing bid by 25.0% to improve efficiency. Formula: 0.96 × (20/57.1) = 0.34, capped at -25%."
"SP Cutting Mat MANUAL","Cutting Mat A1","tappetino taglio a1",PHRASE,0.56,0.42,-25.0,decrease,70,0,45.23,153.92,4,29.4,5.71,0.65,20,OK,"ACOS 29.4% exceeds target range (16%-22%). CVR: 5.71%. Decreasing bid by 25.0% to improve efficiency. Formula: 0.56 × (20/29.4) = 0.38, capped at -25%."
"SP Cutting Mat MANUAL","Cutting Mat Large","tappetino taglio autorigenerante grande",BROAD,0.56,0.42,-25.0,decrease,48,0,26.37,38.48,1,68.5,2.08,0.55,20,OK,"ACOS 68.5% exceeds target range (16%-22%). CVR: 2.08%. Decreasing bid by 25.0% to improve efficiency. Formula: 0.56 × (20/68.5) = 0.16, capped at -25%."
"SP Cutting Mat MANUAL","Cutting Mat Large","tappeto per taglio grande",BROAD,0.56,0.42,-25.0,decrease,30,0,16.73,27.01,1,61.9,3.33,0.56,20,OK,"ACOS 61.9% exceeds target range (16%-22%). CVR: 3.33%. Decreasing bid by 25.0% to improve efficiency. Formula: 0.56 × (20/61.9) = 0.18, capped at -25%."
"Canvas Panel MANUAL Detail","Canvas Panel MANUAL 50x70","tela 50x70",BROAD,0.68,0.51,-25.0,decrease,31,0,17.91,50.78,1,35.3,3.23,0.58,20,OK,"ACOS 35.3% exceeds target range (16%-22%). CVR: 3.23%. Decreasing bid by 25.0% to improve efficiency. Formula: 0.68 × (20/35.3) = 0.39, capped at -25%."
"Paint MANUAL WATER","Paint MANUAL WATER","watercolor",BROAD,0.28,0.21,-25.0,decrease,42,0,13.62,11.80,1,115.4,2.38,0.32,20,OK,"ACOS 115.4% exceeds target range (16%-22%). CVR: 2.38%. Decreasing bid by 25.0% to improve efficiency. Formula: 0.28 × (20/115.4) = 0.05, capped at -25%."
"SP Cutting Mat CAT DETAIL","Cutting Mat A0","category=""Tappetini per taglio""",TARGETING_EXPRESSION,0.61,0.46,-24.6,decrease,299,0,185.93,525.97,9,35.3,3.01,0.62,20,Good,"ACOS 35.3% exceeds target range (16%-22%). CVR: 3.01%. Decreasing bid by 25.0% to improve efficiency. Formula: 0.61 × (20/35.3) = 0.35, capped at -25%."
"Premium Stretched Canvas CAT Detail","Premium Stretched Canvas CAT 40x60","category=""Tele intelaiate per artisti""",TARGETING_EXPRESSION,0.61,0.46,-24.6,decrease,94,0,60.48,96.64,2,62.6,2.13,0.64,20,OK,"ACOS 62.6% exceeds target range (16%-22%). CVR: 2.13%. Decreasing bid by 25.0% to improve efficiency. Formula: 0.61 × (20/62.6) = 0.19, capped at -25%."
"SP Manual General Keywords ALL Paint Brush","SP Manual General Keywords Paint Brush - 12 SETS + 24 NYLON","pennelli",EXACT,0.61,0.46,-24.6,decrease,68,0,42.22,117.53,7,35.9,10.29,0.62,20,OK,"ACOS 35.9% exceeds target range (16%-22%). CVR: 10.29%. Decreasing bid by 25.0% to improve efficiency. Formula: 0.61 × (20/35.9) = 0.34, capped at -25%."
"Premium Stretched Canvas AUTO DETAIL","Premium Stretched Canvas AUTO 50x50","substitutes",TARGETING_EXPRESSION_PREDEFINED,0.61,0.46,-24.6,decrease,37,0,23.41,61.39,2,38.1,5.41,0.63,20,OK,"ACOS 38.1% exceeds target range (16%-22%). CVR: 5.41%. Decreasing bid by 25.0% to improve efficiency. Formula: 0.61 × (20/38.1) = 0.32, capped at -25%."
"Canvas Panel MANUAL Detail","Canvas Panel MANUAL 30x30","tela 30x30",BROAD,0.61,0.46,-24.6,decrease,47,0,21.54,58.89,3,36.6,6.38,0.46,20,OK,"ACOS 36.6% exceeds target range (16%-22%). CVR: 6.38%. Decreasing bid by 25.0% to improve efficiency. Formula: 0.61 × (20/36.6) = 0.33, capped at -25%."
"Canvas Panel MANUAL Detail","Canvas Panel MANUAL 30x40","tele 30x40",BROAD,0.61,0.46,-24.6,decrease,85,0,51.39,49.10,2,104.7,2.35,0.60,20,OK,"ACOS 104.7% exceeds target range (16%-22%). CVR: 2.35%. Decreasing bid by 25.0% to improve efficiency. Formula: 0.61 × (20/104.7) = 0.12, capped at -25%."
"Canvas Panel MANUAL Detail","Canvas Panel MANUAL 30x40","tele dipingere 30x40",BROAD,0.61,0.46,-24.6,decrease,85,0,55.12,177.91,6,31.0,7.06,0.65,20,OK,"ACOS 31.0% exceeds target range (16%-22%). CVR: 7.06%. Decreasing bid by 25.0% to improve efficiency. Formula: 0.61 × (20/31.0) = 0.39, capped at -25%."
"SP CAT HOG Bright Paint Brush","SP CAT HOG Bright Paint Brush","category=""Set di pennelli da pittura""",TARGETING_EXPRESSION,0.41,0.31,-24.4,decrease,45,0,17.80,65.22,6,27.3,13.33,0.40,20,OK,"ACOS 27.3% exceeds target range (16%-22%). CVR: 13.33%. Decreasing bid by 25.0% to improve efficiency. Formula: 0.41 × (20/27.3) = 0.30, capped at -25%."
"SP CAT HOG Filbert Paint Brush","SP CAT HOG Filbert Paint Brush","category=""Set di pennelli da pittura""",TARGETING_EXPRESSION,0.41,0.31,-24.4,decrease,34,0,13.47,9.80,1,137.4,2.94,0.40,20,OK,"ACOS 137.4% exceeds target range (16%-22%). CVR: 2.94%. Decreasing bid by 25.0% to improve efficiency. Formula: 0.41 × (20/137.4) = 0.06, capped at -25%."
"Premium Stretched Canvas AUTO DETAIL","Premium Stretched Canvas AUTO 80x120","close-match",TARGETING_EXPRESSION_PREDEFINED,0.78,0.59,-24.4,decrease,33,0,25.68,54.06,1,47.5,3.03,0.78,20,OK,"ACOS 47.5% exceeds target range (16%-22%). CVR: 3.03%. Decreasing bid by 25.0% to improve efficiency. Formula: 0.78 × (20/47.5) = 0.33, capped at -25%."
"SP AUTO NYL Round Paint Brush","SP AUTO NYL Round Paint Brush","close-match",TARGETING_EXPRESSION_PREDEFINED,0.41,0.31,-24.4,decrease,33,0,12.53,24.48,3,51.2,9.09,0.38,20,OK,"ACOS 51.2% exceeds target range (16%-22%). CVR: 9.09%. Decreasing bid by 25.0% to improve efficiency. Formula: 0.41 × (20/51.2) = 0.16, capped at -25%."
"SP AUTO HOG Angled Paint Brush","SP AUTO HOG Angled Paint Brush","loose-match",TARGETING_EXPRESSION_PREDEFINED,0.41,0.31,-24.4,decrease,37,0,13.81,8.98,1,153.8,2.70,0.37,20,OK,"ACOS 153.8% exceeds target range (16%-22%). CVR: 2.70%. Decreasing bid by 25.0% to improve efficiency. Formula: 0.41 × (20/153.8) = 0.05, capped at -25%."
"SP AUTO HOG Bright Paint Brush","SP AUTO HOG Bright Paint Brush","loose-match",TARGETING_EXPRESSION_PREDEFINED,0.41,0.31,-24.4,decrease,157,0,62.30,178.34,18,34.9,11.46,0.40,20,Good,"ACOS 34.9% exceeds target range (16%-22%). CVR: 11.46%. Decreasing bid by 25.0% to improve efficiency. Formula: 0.41 × (20/34.9) = 0.23, capped at -25%."
"SP AUTO HOG Filbert Paint Brush","SP AUTO HOG Filbert Paint Brush","loose-match",TARGETING_EXPRESSION_PREDEFINED,0.41,0.31,-24.4,decrease,66,0,26.55,49.63,5,53.5,7.58,0.40,20,OK,"ACOS 53.5% exceeds target range (16%-22%). CVR: 7.58%. Decreasing bid by 25.0% to improve efficiency. Formula: 0.41 × (20/53.5) = 0.15, capped at -25%."
"SP AUTO HOG Flat Paint Brush","SP AUTO HOG Flat Paint Brush","loose-match",TARGETING_EXPRESSION_PREDEFINED,0.41,0.31,-24.4,decrease,46,0,18.24,61.76,7,29.5,15.22,0.40,20,OK,"ACOS 29.5% exceeds target range (16%-22%). CVR: 15.22%. Decreasing bid by 25.0% to improve efficiency. Formula: 0.41 × (20/29.5) = 0.28, capped at -25%."
"SP AUTO HOG Paint Brush Set 12S","SP AUTO HOG Paint Brush Set 12S","loose-match",TARGETING_EXPRESSION_PREDEFINED,0.41,0.31,-24.4,decrease,42,0,17.62,29.40,3,59.9,7.14,0.42,20,OK,"ACOS 59.9% exceeds target range (16%-22%). CVR: 7.14%. Decreasing bid by 25.0% to improve efficiency. Formula: 0.41 × (20/59.9) = 0.14, capped at -25%."
"SP Manual General Keywords ALL Paint Brush","SP Manual General Keywords Paint Brush - SHAPES","pennelli per pittura",BROAD,0.41,0.31,-24.4,decrease,54,0,21.96,32.64,4,67.3,7.41,0.41,20,OK,"ACOS 67.3% exceeds target range (16%-22%). CVR: 7.41%. Decreasing bid by 25.0% to improve efficiency. Formula: 0.41 × (20/67.3) = 0.12, capped at -25%."
"SP Manual General Keywords ALL Paint Brush","SP Manual General Keywords Paint Brush - SHAPES","pennello dipingere",BROAD,0.41,0.31,-24.4,decrease,40,0,16.63,24.14,3,68.9,7.50,0.42,20,OK,"ACOS 68.9% exceeds target range (16%-22%). CVR: 7.50%. Decreasing bid by 25.0% to improve efficiency. Formula: 0.41 × (20/68.9) = 0.12, capped at -25%."
"Slices MANUAL","Slices MANUAL 8","piccolo legno",BROAD,0.41,0.31,-24.4,decrease,55,0,24.04,17.99,1,133.6,1.82,0.44,20,OK,"ACOS 133.6% exceeds target range (16%-22%). CVR: 1.82%. Decreasing bid by 25.0% to improve efficiency. Formula: 0.41 × (20/133.6) = 0.06, capped at -25%."
"Paint MANUAL WATER","Paint MANUAL WATER","aquarelli",BROAD,0.33,0.25,-24.2,decrease,139,0,54.27,106.94,8,50.7,5.76,0.39,20,Good,"ACOS 50.7% exceeds target range (16%-22%). CVR: 5.76%. Decreasing bid by 25.0% to improve efficiency. Formula: 0.33 × (20/50.7) = 0.13, capped at -25%."
"Books MANUAL","Water MANUAL","carta da acquerello a4",BROAD,0.33,0.25,-24.2,decrease,63,0,22.17,62.08,5,35.7,7.94,0.35,20,OK,"ACOS 35.7% exceeds target range (16%-22%). CVR: 7.94%. Decreasing bid by 25.0% to improve efficiency. Formula: 0.33 × (20/35.7) = 0.18, capped at -25%."
"Paint MANUAL OIL","Paint MANUAL OIL 12ml","colori ad olio",BROAD,0.33,0.25,-24.2,decrease,164,0,56.30,108.75,6,51.8,3.66,0.34,20,Good,"ACOS 51.8% exceeds target range (16%-22%). CVR: 3.66%. Decreasing bid by 25.0% to improve efficiency. Formula: 0.33 × (20/51.8) = 0.13, capped at -25%."
"Paint MANUAL OIL","Paint MANUAL OIL 12ml","colori olio",PHRASE,0.33,0.25,-24.2,decrease,46,0,15.19,27.78,2,54.7,4.35,0.33,20,OK,"ACOS 54.7% exceeds target range (16%-22%). CVR: 4.35%. Decreasing bid by 25.0% to improve efficiency. Formula: 0.33 × (20/54.7) = 0.12, capped at -25%."
"Paint MANUAL GOUACHE","Paint MANUAL GOUACHE","guache pittura",BROAD,0.33,0.25,-24.2,decrease,57,0,19.51,55.56,4,35.1,7.02,0.34,20,OK,"ACOS 35.1% exceeds target range (16%-22%). CVR: 7.02%. Decreasing bid by 25.0% to improve efficiency. Formula: 0.33 × (20/35.1) = 0.19, capped at -25%."
"Premium Stretched Canvas AUTO DETAIL","Premium Stretched Canvas AUTO 60x90","loose-match",TARGETING_EXPRESSION_PREDEFINED,0.66,0.50,-24.2,decrease,40,0,24.38,54.88,1,44.4,2.50,0.61,20,OK,"ACOS 44.4% exceeds target range (16%-22%). CVR: 2.50%. Decreasing bid by 25.0% to improve efficiency. Formula: 0.66 × (20/44.4) = 0.30, capped at -25%."
"Lineal MANUAL KEYWORDS","Lineal MANUAL 30CM","morgantina",EXACT,0.33,0.25,-24.2,decrease,91,0,29.47,63.68,7,46.3,7.69,0.32,20,OK,"ACOS 46.3% exceeds target range (16%-22%). CVR: 7.69%. Decreasing bid by 25.0% to improve efficiency. Formula: 0.33 × (20/46.3) = 0.14, capped at -25%."
"Books MANUAL","Water MANUAL","quaderno bianco a4",BROAD,0.33,0.25,-24.2,decrease,62,0,20.61,35.94,3,57.3,4.84,0.33,20,OK,"ACOS 57.3% exceeds target range (16%-22%). CVR: 4.84%. Decreasing bid by 25.0% to improve efficiency. Formula: 0.33 × (20/57.3) = 0.12, capped at -25%."
"Lineal MANUAL KEYWORDS","Lineal MANUAL 30CM","righelli da cucito",BROAD,0.33,0.25,-24.2,decrease,227,0,75.27,215.19,21,35.0,9.25,0.33,20,Good,"ACOS 35.0% exceeds target range (16%-22%). CVR: 9.25%. Decreasing bid by 25.0% to improve efficiency. Formula: 0.33 × (20/35.0) = 0.19, capped at -25%."
"Lineal MANUAL KEYWORDS","Lineal MANUAL 60CM","righelli per cucito",PHRASE,0.33,0.25,-24.2,decrease,37,0,13.78,8.98,1,153.5,2.70,0.37,20,OK,"ACOS 153.5% exceeds target range (16%-22%). CVR: 2.70%. Decreasing bid by 25.0% to improve efficiency. Formula: 0.33 × (20/153.5) = 0.04, capped at -25%."
"SP Cutting Mat MANUAL","Cutting Mat MANUAL ALL","tappetino per taglierino",EXACT,0.33,0.25,-24.2,decrease,58,0,21.44,61.81,4,34.7,6.90,0.37,20,OK,"ACOS 34.7% exceeds target range (16%-22%). CVR: 6.90%. Decreasing bid by 25.0% to improve efficiency. Formula: 0.33 × (20/34.7) = 0.19, capped at -25%."
"SP CAT HOG Bright Paint Brush","SP CAT HOG Bright Paint Brush","category=""Pennellesse""",TARGETING_EXPRESSION,0.46,0.35,-23.9,decrease,57,0,25.66,52.33,5,49.0,8.77,0.45,20,OK,"ACOS 49.0% exceeds target range (16%-22%). CVR: 8.77%. Decreasing bid by 25.0% to improve efficiency. Formula: 0.46 × (20/49.0) = 0.19, capped at -25%."
"Premium Stretched Canvas CAT Detail","Premium Stretched Canvas CAT 60x90","category=""Tele intelaiate per artisti""",TARGETING_EXPRESSION,0.46,0.35,-23.9,decrease,44,0,20.19,24.55,1,82.2,2.27,0.46,20,OK,"ACOS 82.2% exceeds target range (16%-22%). CVR: 2.27%. Decreasing bid by 25.0% to improve efficiency. Formula: 0.46 × (20/82.2) = 0.11, capped at -25%."
"SP AUTO HOG Filbert Paint Brush","SP AUTO HOG Filbert Paint Brush","close-match",TARGETING_EXPRESSION_PREDEFINED,0.46,0.35,-23.9,decrease,113,0,41.40,107.58,12,38.5,10.62,0.37,20,Good,"ACOS 38.5% exceeds target range (16%-22%). CVR: 10.62%. Decreasing bid by 25.0% to improve efficiency. Formula: 0.46 × (20/38.5) = 0.24, capped at -25%."
"Paint MANUAL OIL","Paint MANUAL OIL 50ml","colori olio",BROAD,0.46,0.35,-23.9,decrease,404,0,185.09,616.53,16,30.0,3.96,0.46,20,High,"ACOS 30.0% exceeds target range (16%-22%). CVR: 3.96%. Decreasing bid by 25.0% to improve efficiency. Formula: 0.46 × (20/30.0) = 0.31, capped at -25%."
"Paint MANUAL OIL","Paint MANUAL OIL 50ml","colori olio pittura su tela",PHRASE,0.46,0.35,-23.9,decrease,44,0,21.46,56.47,2,38.0,4.55,0.49,20,OK,"ACOS 38.0% exceeds target range (16%-22%). CVR: 4.55%. Decreasing bid by 25.0% to improve efficiency. Formula: 0.46 × (20/38.0) = 0.24, capped at -25%."
"Canvas Panel AUTO Detail","Canvas Panel AUTO 50x60","loose-match",TARGETING_EXPRESSION_PREDEFINED,0.46,0.35,-23.9,decrease,67,0,36.32,107.25,3,33.9,4.48,0.54,20,OK,"ACOS 33.9% exceeds target range (16%-22%). CVR: 4.48%. Decreasing bid by 25.0% to improve efficiency. Formula: 0.46 × (20/33.9) = 0.27, capped at -25%."
"SP Manual Keywords NYL Round Paint Brush","SP Manual Keywords NYL Round Paint Brush","pennelli sintetici punta tonda",BROAD,0.46,0.35,-23.9,decrease,45,0,18.07,24.48,3,73.8,6.67,0.40,20,OK,"ACOS 73.8% exceeds target range (16%-22%). CVR: 6.67%. Decreasing bid by 25.0% to improve efficiency. Formula: 0.46 × (20/73.8) = 0.12, capped at -25%."
"SP Manual Keywords NYL Round Paint Brush","SP Manual Keywords NYL Round Paint Brush","pennelli tondi",BROAD,0.46,0.35,-23.9,decrease,47,0,19.50,46.53,5,41.9,10.64,0.41,20,OK,"ACOS 41.9% exceeds target range (16%-22%). CVR: 10.64%. Decreasing bid by 25.0% to improve efficiency. Formula: 0.46 × (20/41.9) = 0.22, capped at -25%."
"SP Manual Keywords NYL Round Paint Brush","SP Manual Keywords NYL Round Paint Brush","pennello punta tonda",PHRASE,0.46,0.35,-23.9,decrease,33,0,13.76,8.16,1,168.6,3.03,0.42,20,OK,"ACOS 168.6% exceeds target range (16%-22%). CVR: 3.03%. Decreasing bid by 25.0% to improve efficiency. Formula: 0.46 × (20/168.6) = 0.05, capped at -25%."
"SP Manual Keywords HOG Fan Paint Brush","SP Manual Keywords HOG Fan Paint Brush","pennello ventaglio",BROAD,0.46,0.35,-23.9,decrease,64,0,27.10,32.64,4,83.0,6.25,0.42,20,OK,"ACOS 83.0% exceeds target range (16%-22%). CVR: 6.25%. Decreasing bid by 25.0% to improve efficiency. Formula: 0.46 × (20/83.0) = 0.11, capped at -25%."
"Premium Stretched Canvas MANUAL ALL","Premium Stretched Canvas MANUAL ALL","tele",PHRASE,0.46,0.35,-23.9,decrease,37,0,17.03,34.39,1,49.5,2.70,0.46,20,OK,"ACOS 49.5% exceeds target range (16%-22%). CVR: 2.70%. Decreasing bid by 25.0% to improve efficiency. Formula: 0.46 × (20/49.5) = 0.19, capped at -25%."
"Books MANUAL","Water MANUAL","acquerello",BROAD,0.21,0.16,-23.8,decrease,54,0,10.28,30.46,3,33.7,5.56,0.19,20,OK,"ACOS 33.7% exceeds target range (16%-22%). CVR: 5.56%. Decreasing bid by 25.0% to improve efficiency. Formula: 0.21 × (20/33.7) = 0.12, capped at -25%."
"SP Cutting Mat AUTO DETAIL","Cutting Mat A4","loose-match",TARGETING_EXPRESSION_PREDEFINED,0.21,0.16,-23.8,decrease,55,0,10.13,26.94,3,37.6,5.45,0.18,20,OK,"ACOS 37.6% exceeds target range (16%-22%). CVR: 5.45%. Decreasing bid by 25.0% to improve efficiency. Formula: 0.21 × (20/37.6) = 0.11, capped at -25%."
"Paint MANUAL WATER","Paint MANUAL WATER","acquarelli set",BROAD,0.38,0.29,-23.7,decrease,52,0,21.19,41.67,3,50.9,5.77,0.41,20,OK,"ACOS 50.9% exceeds target range (16%-22%). CVR: 5.77%. Decreasing bid by 25.0% to improve efficiency. Formula: 0.38 × (20/50.9) = 0.15, capped at -25%."
"Slices Product Target","Slices Product Target","asin=""B0CV7XS8H7""",TARGETING_EXPRESSION,0.38,0.29,-23.7,decrease,37,0,13.45,27.01,1,49.8,2.70,0.36,20,OK,"ACOS 49.8% exceeds target range (16%-22%). CVR: 2.70%. Decreasing bid by 25.0% to improve efficiency. Formula: 0.38 × (20/49.8) = 0.15, capped at -25%."
"Canvas Panel MANUAL ALL","Canvas Panel MANUAL ALL","cartone telato",BROAD,0.38,0.29,-23.7,decrease,33,0,11.91,16.35,1,72.8,3.03,0.36,20,OK,"ACOS 72.8% exceeds target range (16%-22%). CVR: 3.03%. Decreasing bid by 25.0% to improve efficiency. Formula: 0.38 × (20/72.8) = 0.10, capped at -25%."
"Paint AUTO OIL","Paint AUTO OIL 50ml","close-match",TARGETING_EXPRESSION_PREDEFINED,0.38,0.29,-23.7,decrease,77,0,29.40,40.12,1,73.3,1.30,0.38,20,OK,"ACOS 73.3% exceeds target range (16%-22%). CVR: 1.30%. Decreasing bid by 25.0% to improve efficiency. Formula: 0.38 × (20/73.3) = 0.10, capped at -25%."
"Paint MANUAL WATER","Paint MANUAL WATER","kit colori acquerello",BROAD,0.38,0.29,-23.7,decrease,40,0,14.65,13.89,1,105.5,2.50,0.37,20,OK,"ACOS 105.5% exceeds target range (16%-22%). CVR: 2.50%. Decreasing bid by 25.0% to improve efficiency. Formula: 0.38 × (20/105.5) = 0.07, capped at -25%."
"SP Manual General Keywords ALL Paint Brush","SP Manual General Keywords Paint Brush - SHAPES","pennello",BROAD,0.38,0.29,-23.7,decrease,291,0,101.69,246.76,26,41.2,8.93,0.35,20,Good,"ACOS 41.2% exceeds target range (16%-22%). CVR: 8.93%. Decreasing bid by 25.0% to improve efficiency. Formula: 0.38 × (20/41.2) = 0.18, capped at -25%."
"SP Cutting Mat MANUAL","Cutting Mat MANUAL ALL","tappeto per taglio",BROAD,0.38,0.29,-23.7,decrease,415,0,180.12,660.88,33,27.3,7.95,0.43,20,High,"ACOS 27.3% exceeds target range (16%-22%). CVR: 7.95%. Decreasing bid by 25.0% to improve efficiency. Formula: 0.38 × (20/27.3) = 0.28, capped at -25%."
"Stretched Canvas MANUAL ALL","Stretched Canvas MANUAL ALL","tela",PHRASE,0.38,0.29,-23.7,decrease,449,0,186.09,262.60,10,70.9,2.23,0.41,20,High,"ACOS 70.9% exceeds target range (16%-22%). CVR: 2.23%. Decreasing bid by 25.0% to improve efficiency. Formula: 0.38 × (20/70.9) = 0.11, capped at -25%."
"Paint MANUAL WATER","Paint MANUAL WATER","tubetti acquerello",BROAD,0.38,0.29,-23.7,decrease,310,0,102.88,395.70,28,26.0,9.03,0.33,20,High,"ACOS 26.0% exceeds target range (16%-22%). CVR: 9.03%. Decreasing bid by 23.1% to improve efficiency. Formula: 0.38 × (20/26.0) = 0.29, capped at -25%."
"SP-PT Cutting Mat LA CANILLA","Cutting Mat LA CANILLA","asin=""B07W8VVWXF""",TARGETING_EXPRESSION,0.51,0.39,-23.5,decrease,197,0,82.27,310.92,13,26.5,6.60,0.42,20,Good,"ACOS 26.5% exceeds target range (16%-22%). CVR: 6.60%. Decreasing bid by 24.4% to improve efficiency. Formula: 0.51 × (20/26.5) = 0.39, capped at -25%."
"Paint MANUAL WATER","Paint MANUAL WATER","acquerello",BROAD,0.26,0.20,-23.1,decrease,49,0,13.42,39.58,3,33.9,6.12,0.27,20,OK,"ACOS 33.9% exceeds target range (16%-22%). CVR: 6.12%. Decreasing bid by 25.0% to improve efficiency. Formula: 0.26 × (20/33.9) = 0.15, capped at -25%."
"Books MANUAL","Water MANUAL","carta acquerello",BROAD,0.26,0.20,-23.1,decrease,190,0,54.33,141.37,10,38.4,5.26,0.29,20,Good,"ACOS 38.4% exceeds target range (16%-22%). CVR: 5.26%. Decreasing bid by 25.0% to improve efficiency. Formula: 0.26 × (20/38.4) = 0.14, capped at -25%."
"Paint AUTO WATER","Paint AUTO WATER","close-match",TARGETING_EXPRESSION_PREDEFINED,0.26,0.20,-23.1,decrease,76,0,20.47,72.90,5,28.1,6.58,0.27,20,OK,"ACOS 28.1% exceeds target range (16%-22%). CVR: 6.58%. Decreasing bid by 25.0% to improve efficiency. Formula: 0.26 × (20/28.1) = 0.19, capped at -25%."
"Lineal MANUAL KEYWORDS","Lineal MANUAL 30CM","riga da sartoria",BROAD,0.26,0.20,-23.1,decrease,38,0,13.41,40.87,3,32.8,7.89,0.35,20,OK,"ACOS 32.8% exceeds target range (16%-22%). CVR: 7.89%. Decreasing bid by 25.0% to improve efficiency. Formula: 0.26 × (20/32.8) = 0.16, capped at -25%."
"Lineal MANUAL KEYWORDS","Lineal MANUAL 30CM","righello da sarta",BROAD,0.26,0.20,-23.1,decrease,54,0,17.14,63.68,7,26.9,12.96,0.32,20,OK,"ACOS 26.9% exceeds target range (16%-22%). CVR: 12.96%. Decreasing bid by 25.0% to improve efficiency. Formula: 0.26 × (20/26.9) = 0.19, capped at -25%."
"Lineal MANUAL KEYWORDS","Lineal MANUAL 30CM","squadra sartoriale",PHRASE,0.26,0.20,-23.1,decrease,30,0,8.18,9.80,1,83.5,3.33,0.27,20,OK,"ACOS 83.5% exceeds target range (16%-22%). CVR: 3.33%. Decreasing bid by 25.0% to improve efficiency. Formula: 0.26 × (20/83.5) = 0.06, capped at -25%."
"Slices MANUAL","Slices MANUAL","dischetti di legno",BROAD,0.31,0.24,-22.6,decrease,86,0,35.00,135.83,7,25.8,8.14,0.41,20,OK,"ACOS 25.8% exceeds target range (16%-22%). CVR: 8.14%. Decreasing bid by 22.4% to improve efficiency. Formula: 0.31 × (20/25.8) = 0.24, capped at -25%."
"Books MANUAL","Water MANUAL","acquerello",PHRASE,0.18,0.14,-22.2,decrease,43,0,8.76,34.30,3,25.5,6.98,0.20,20,OK,"ACOS 25.5% exceeds target range (16%-22%). CVR: 6.98%. Decreasing bid by 21.7% to improve efficiency. Formula: 0.18 × (20/25.5) = 0.14, capped at -25%."
"Books AUTO","Water AUTO","close-match",TARGETING_EXPRESSION_PREDEFINED,0.18,0.14,-22.2,decrease,49,0,8.78,13.07,1,67.2,2.04,0.18,20,OK,"ACOS 67.2% exceeds target range (16%-22%). CVR: 2.04%. Decreasing bid by 25.0% to improve efficiency. Formula: 0.18 × (20/67.2) = 0.05, capped at -25%."
"SP Cutting Mat AUTO DETAIL","Cutting Mat A3","substitutes",TARGETING_EXPRESSION_PREDEFINED,0.18,0.14,-22.2,decrease,140,0,24.41,66.19,5,36.9,3.57,0.17,20,Good,"ACOS 36.9% exceeds target range (16%-22%). CVR: 3.57%. Decreasing bid by 25.0% to improve efficiency. Formula: 0.18 × (20/36.9) = 0.10, capped at -25%."
"SP Cutting Mat MANUAL","Cutting Mat MANUAL ALL","tappeto da lavoro",PHRASE,0.36,0.28,-22.2,decrease,53,0,20.52,80.25,3,25.6,5.66,0.39,20,OK,"ACOS 25.6% exceeds target range (16%-22%). CVR: 5.66%. Decreasing bid by 21.8% to improve efficiency. Formula: 0.36 × (20/25.6) = 0.28, capped at -25%."
"SP-PT Cutting Mat ARMY PAINTER","Cutting Mat ARMY PAINTER","asin=""B07QP9BFVS""",TARGETING_EXPRESSION,0.51,0.40,-21.6,decrease,190,0,77.19,304.25,16,25.4,8.42,0.41,20,Good,"ACOS 25.4% exceeds target range (16%-22%). CVR: 8.42%. Decreasing bid by 21.2% to improve efficiency. Formula: 0.51 × (20/25.4) = 0.40, capped at -25%."
"Books MANUAL","Water MANUAL","quaderni da acquerello",PHRASE,0.28,0.22,-21.4,decrease,59,0,17.27,0.00,0,0.0,0.00,0.29,20,OK,"No sales after 59 clicks (CVR: 0%). Reducing bid by 20% to limit exposure. Formula: base bid reduced by 20% based on click volume. Consider negative targeting if pattern continues."
"SP Cutting Mat MANUAL","Cutting Mat Large","tappeto taglio grande",BROAD,0.56,0.44,-21.4,decrease,100,0,54.55,212.75,9,25.6,9.00,0.55,20,Good,"ACOS 25.6% exceeds target range (16%-22%). CVR: 9.00%. Decreasing bid by 22.0% to improve efficiency. Formula: 0.56 × (20/25.6) = 0.44, capped at -25%."
"Paint MANUAL OIL","Paint MANUAL OIL 50ml","olio",PHRASE,0.43,0.34,-20.9,decrease,78,0,34.91,138.35,4,25.2,5.13,0.45,20,OK,"ACOS 25.2% exceeds target range (16%-22%). CVR: 5.13%. Decreasing bid by 20.7% to improve efficiency. Formula: 0.43 × (20/25.2) = 0.34, capped at -25%."
"Canvas Panel MANUAL Detail","Canvas Panel MANUAL 30x30","tele 30x30",BROAD,0.61,0.49,-19.7,decrease,53,0,26.43,0.00,0,0.0,0.00,0.50,20,OK,"No sales after 53 clicks (CVR: 0%). Reducing bid by 20% to limit exposure. Formula: base bid reduced by 20% based on click volume. Consider negative targeting if pattern continues."
"SP-PT Cutting Mat OFFICETREE","Cutting Mat OFFICETREE","asin=""B072J45WPG""",TARGETING_EXPRESSION,0.51,0.41,-19.6,decrease,50,0,21.14,85.08,4,24.8,8.00,0.42,20,OK,"ACOS 24.8% exceeds target range (16%-22%). CVR: 8.00%. Decreasing bid by 19.5% to improve efficiency. Formula: 0.51 × (20/24.8) = 0.41, capped at -25%."
"SP Cutting Mat MANUAL","Cutting Mat A2","cutting mat a2",PHRASE,0.46,0.37,-19.6,decrease,32,0,13.31,54.02,2,24.6,6.25,0.42,20,OK,"ACOS 24.6% exceeds target range (16%-22%). CVR: 6.25%. Decreasing bid by 18.8% to improve efficiency. Formula: 0.46 × (20/24.6) = 0.37, capped at -25%."
"SP Manual General Keywords ALL Paint Brush","SP Manual General Keywords Paint Brush - 24 SET HOG","pennelli",PHRASE,0.56,0.45,-19.6,decrease,52,0,26.37,0.00,0,0.0,0.00,0.51,20,OK,"No sales after 52 clicks (CVR: 0%). Reducing bid by 20% to limit exposure. Formula: base bid reduced by 20% based on click volume. Consider negative targeting if pattern continues."
"Stretched Canvas PRODUCT TARGET","Stretched Canvas to Stretched Canvas PT","asin=""B00IFB4LU6""",TARGETING_EXPRESSION,0.41,0.33,-19.5,decrease,70,0,31.54,0.00,0,0.0,0.00,0.45,20,OK,"No sales after 70 clicks (CVR: 0%). Reducing bid by 20% to limit exposure. Formula: base bid reduced by 20% based on click volume. Consider negative targeting if pattern continues."
"SP Cutting Mat MANUAL","Cutting Mat MANUAL ALL","cutting mat",EXACT,0.31,0.25,-19.4,decrease,34,0,14.58,58.07,3,25.1,8.82,0.43,20,OK,"ACOS 25.1% exceeds target range (16%-22%). CVR: 8.82%. Decreasing bid by 20.3% to improve efficiency. Formula: 0.31 × (20/25.1) = 0.25, capped at -25%."
"Slices MANUAL","Slices MANUAL","fette di legno",PHRASE,0.36,0.29,-19.4,decrease,73,0,30.86,0.00,0,0.0,0.00,0.42,20,OK,"No sales after 73 clicks (CVR: 0%). Reducing bid by 20% to limit exposure. Formula: base bid reduced by 20% based on click volume. Consider negative targeting if pattern continues."
"SP Cutting Mat AUTO DETAIL","Cutting Mat A0","substitutes",TARGETING_EXPRESSION_PREDEFINED,0.31,0.25,-19.4,decrease,33,0,9.50,38.48,1,24.7,3.03,0.29,20,OK,"ACOS 24.7% exceeds target range (16%-22%). CVR: 3.03%. Decreasing bid by 19.0% to improve efficiency. Formula: 0.31 × (20/24.7) = 0.25, capped at -25%."
"SP Cutting Mat MANUAL","Cutting Mat A4","tappetino taglio a4",BROAD,0.31,0.25,-19.4,decrease,56,0,18.00,71.84,8,25.1,14.29,0.32,20,OK,"ACOS 25.1% exceeds target range (16%-22%). CVR: 14.29%. Decreasing bid by 20.2% to improve efficiency. Formula: 0.31 × (20/25.1) = 0.25, capped at -25%."
"SP Cutting Mat MANUAL","Cutting Mat MANUAL ALL","tappetini taglio",EXACT,0.38,0.31,-18.4,decrease,920,0,382.00,1539.06,82,24.8,8.91,0.42,20,High,"ACOS 24.8% exceeds target range (16%-22%). CVR: 8.91%. Decreasing bid by 19.4% to improve efficiency. Formula: 0.38 × (20/24.8) = 0.31, capped at -25%."
"SP-PT Cutting Mat ARTWAY","Cutting Mat ARTWAY","asin=""B07N66ZVPC""",TARGETING_EXPRESSION,0.51,0.42,-17.6,decrease,210,0,85.10,346.99,20,24.5,9.52,0.41,20,Good,"ACOS 24.5% exceeds target range (16%-22%). CVR: 9.52%. Decreasing bid by 18.5% to improve efficiency. Formula: 0.51 × (20/24.5) = 0.42, capped at -25%."
"Slices MANUAL","Slices MANUAL","dischi legno",PHRASE,0.41,0.34,-17.1,decrease,447,0,200.37,822.65,25,24.4,5.59,0.45,20,High,"ACOS 24.4% exceeds target range (16%-22%). CVR: 5.59%. Decreasing bid by 17.9% to improve efficiency. Formula: 0.41 × (20/24.4) = 0.34, capped at -25%."
"Canvas Panel MANUAL Detail","Canvas Panel MANUAL 20x30","tele 20x30",BROAD,0.41,0.34,-17.1,decrease,72,0,29.94,125.88,6,23.8,8.33,0.42,20,OK,"ACOS 23.8% exceeds target range (16%-22%). CVR: 8.33%. Decreasing bid by 15.9% to improve efficiency. Formula: 0.41 × (20/23.8) = 0.34, capped at -25%."
"Paint MANUAL OIL","Paint MANUAL OIL 12ml","pittura a olio",BROAD,0.36,0.30,-16.7,decrease,44,0,14.33,60.17,4,23.8,9.09,0.33,20,OK,"ACOS 23.8% exceeds target range (16%-22%). CVR: 9.09%. Decreasing bid by 16.0% to improve efficiency. Formula: 0.36 × (20/23.8) = 0.30, capped at -25%."
"SP Cutting Mat MANUAL","Cutting Mat MANUAL ALL","set da cucito",BROAD,0.31,0.26,-16.1,decrease,34,0,12.59,0.00,0,0.0,0.00,0.37,20,OK,"No sales after 34 clicks (CVR: 0%). Reducing bid by 15% to limit exposure. Formula: base bid reduced by 15% based on click volume. Consider negative targeting if pattern continues."
"SP Cutting Mat MANUAL","Cutting Mat Large","tappetini da taglio grande",BROAD,0.56,0.47,-16.1,decrease,62,0,34.95,148.08,7,23.6,11.29,0.56,20,OK,"ACOS 23.6% exceeds target range (16%-22%). CVR: 11.29%. Decreasing bid by 15.3% to improve efficiency. Formula: 0.56 × (20/23.6) = 0.47, capped at -25%."
"Slices MANUAL","Slices MANUAL","tronchi decorativi",BROAD,0.31,0.26,-16.1,decrease,40,0,14.24,0.00,0,0.0,0.00,0.36,20,OK,"No sales after 40 clicks (CVR: 0%). Reducing bid by 15% to limit exposure. Formula: base bid reduced by 15% based on click volume. Consider negative targeting if pattern continues."
"Slices Product Target","Slices Product Target","asin=""B0DGXM124M""",TARGETING_EXPRESSION,0.38,0.32,-15.8,decrease,36,0,11.75,0.00,0,0.0,0.00,0.33,20,OK,"No sales after 36 clicks (CVR: 0%). Reducing bid by 15% to limit exposure. Formula: base bid reduced by 15% based on click volume. Consider negative targeting if pattern continues."
"Stretched Canvas CAT Detail","280 Stretched Canvas Board & Panel","category=""Pannelli in tela per hobby creativi""",TARGETING_EXPRESSION,0.51,0.43,-15.7,decrease,306,0,154.10,653.96,14,23.6,4.58,0.50,20,High,"ACOS 23.6% exceeds target range (16%-22%). CVR: 4.58%. Decreasing bid by 15.1% to improve efficiency. Formula: 0.51 × (20/23.6) = 0.43, capped at -25%."
"SP Manual Keywords NYL Flat Paint Brush","SP Manual Keywords NYL Flat Paint Brush","pennelli piatti",PHRASE,0.51,0.43,-15.7,decrease,35,0,17.38,0.00,0,0.0,0.00,0.50,20,OK,"No sales after 35 clicks (CVR: 0%). Reducing bid by 15% to limit exposure. Formula: base bid reduced by 15% based on click volume. Consider negative targeting if pattern continues."
"Premium Stretched Canvas AUTO DETAIL","Premium Stretched Canvas AUTO 60x90","substitutes",TARGETING_EXPRESSION_PREDEFINED,0.58,0.49,-15.5,decrease,33,0,15.18,0.00,0,0.0,0.00,0.46,20,OK,"No sales after 33 clicks (CVR: 0%). Reducing bid by 15% to limit exposure. Formula: base bid reduced by 15% based on click volume. Consider negative targeting if pattern continues."
"SP AUTO HOG Flat Paint Brush","SP AUTO HOG Flat Paint Brush","close-match",TARGETING_EXPRESSION_PREDEFINED,0.46,0.39,-15.2,decrease,31,0,14.49,0.00,0,0.0,0.00,0.47,20,OK,"No sales after 31 clicks (CVR: 0%). Reducing bid by 15% to limit exposure. Formula: base bid reduced by 15% based on click volume. Consider negative targeting if pattern continues."
"SP Cutting Mat MANUAL","Cutting Mat XL","extra large cutting mat",BROAD,0.66,0.56,-15.2,decrease,30,0,20.20,0.00,0,0.0,0.00,0.67,20,OK,"No sales after 30 clicks (CVR: 0%). Reducing bid by 15% to limit exposure. Formula: base bid reduced by 15% based on click volume. Consider negative targeting if pattern continues."
"Premium Stretched Canvas AUTO DETAIL","Premium Stretched Canvas AUTO 90x120","substitutes",TARGETING_EXPRESSION_PREDEFINED,0.73,0.62,-15.1,decrease,37,0,21.67,0.00,0,0.0,0.00,0.59,20,OK,"No sales after 37 clicks (CVR: 0%). Reducing bid by 15% to limit exposure. Formula: base bid reduced by 15% based on click volume. Consider negative targeting if pattern continues."
"Premium Stretched Canvas AUTO DETAIL","Premium Stretched Canvas AUTO 80x100","loose-match",TARGETING_EXPRESSION_PREDEFINED,0.48,0.41,-14.6,decrease,30,0,14.89,0.00,0,0.0,0.00,0.50,20,OK,"No sales after 30 clicks (CVR: 0%). Reducing bid by 15% to limit exposure. Formula: base bid reduced by 15% based on click volume. Consider negative targeting if pattern continues."
"SP-PT Cutting Mat Defensive to Ruler","Cutting Mat Defensive to Ruler","asin=""B07PK59TZ8""",TARGETING_EXPRESSION,0.21,0.18,-14.3,decrease,30,0,7.78,0.00,0,0.0,0.00,0.26,20,OK,"No sales after 30 clicks (CVR: 0%). Reducing bid by 15% to limit exposure. Formula: base bid reduced by 15% based on click volume. Consider negative targeting if pattern continues."
"SP Cutting Mat AUTO ALL","Cutting Mat AUTO ALL","loose-match",TARGETING_EXPRESSION_PREDEFINED,0.21,0.18,-14.3,decrease,480,0,136.36,589.93,29,23.1,6.04,0.28,20,High,"ACOS 23.1% exceeds target range (16%-22%). CVR: 6.04%. Decreasing bid by 13.5% to improve efficiency. Formula: 0.21 × (20/23.1) = 0.18, capped at -25%."
"Premium Stretched Canvas AUTO DETAIL","Premium Stretched Canvas AUTO 80x120","substitutes",TARGETING_EXPRESSION_PREDEFINED,0.63,0.54,-14.3,decrease,30,0,13.95,0.00,0,0.0,0.00,0.47,20,OK,"No sales after 30 clicks (CVR: 0%). Reducing bid by 15% to limit exposure. Formula: base bid reduced by 15% based on click volume. Consider negative targeting if pattern continues."
"Paint MANUAL OIL","Paint MANUAL OIL 12ml","colori olio per pittura",BROAD,0.36,0.31,-13.9,decrease,59,0,22.74,98.56,7,23.1,11.86,0.39,20,OK,"ACOS 23.1% exceeds target range (16%-22%). CVR: 11.86%. Decreasing bid by 13.3% to improve efficiency. Formula: 0.36 × (20/23.1) = 0.31, capped at -25%."
"Paint MANUAL ALL","Paint MANUAL ALL","pittura su tela",BROAD,0.36,0.31,-13.9,decrease,33,0,12.06,0.00,0,0.0,0.00,0.37,20,OK,"No sales after 33 clicks (CVR: 0%). Reducing bid by 15% to limit exposure. Formula: base bid reduced by 15% based on click volume. Consider negative targeting if pattern continues."
"SP Cutting Mat MANUAL","Cutting Mat MANUAL ALL","tappetini modellismo",PHRASE,0.36,0.31,-13.9,decrease,71,0,32.46,138.15,9,23.5,12.68,0.46,20,OK,"ACOS 23.5% exceeds target range (16%-22%). CVR: 12.68%. Decreasing bid by 14.9% to improve efficiency. Formula: 0.36 × (20/23.5) = 0.31, capped at -25%."
"Rotary Cutters AUTO","Rotary cutters AUTO","close-match",TARGETING_EXPRESSION_PREDEFINED,0.15,0.13,-13.3,decrease,32,0,5.03,0.00,0,0.0,0.00,0.16,20,OK,"No sales after 32 clicks (CVR: 0%). Reducing bid by 15% to limit exposure. Formula: base bid reduced by 15% based on click volume. Consider negative targeting if pattern continues."
"Premium Stretched Canvas MANUAL ALL","Premium Stretched Canvas MANUAL ALL","canvas",BROAD,0.46,0.40,-13.0,decrease,43,0,19.22,84.30,3,22.8,6.98,0.45,20,OK,"ACOS 22.8% exceeds target range (16%-22%). CVR: 6.98%. Decreasing bid by 12.3% to improve efficiency. Formula: 0.46 × (20/22.8) = 0.40, capped at -25%."
"Paint AUTO WATER","Paint AUTO WATER","loose-match",TARGETING_EXPRESSION_PREDEFINED,0.23,0.20,-13.0,decrease,68,0,15.50,66.91,5,23.2,7.35,0.23,20,OK,"ACOS 23.2% exceeds target range (16%-22%). CVR: 7.35%. Decreasing bid by 13.7% to improve efficiency. Formula: 0.23 × (20/23.2) = 0.20, capped at -25%."
"Canvas Panel AUTO ALL","Canvas Panel AUTO ALL","loose-match",TARGETING_EXPRESSION_PREDEFINED,0.31,0.27,-12.9,decrease,45,0,15.01,65.45,3,22.9,6.67,0.33,20,OK,"ACOS 22.9% exceeds target range (16%-22%). CVR: 6.67%. Decreasing bid by 12.8% to improve efficiency. Formula: 0.31 × (20/22.9) = 0.27, capped at -25%."
"Canvas Panel AUTO Detail","Canvas Panel AUTO 50x70","substitutes",TARGETING_EXPRESSION_PREDEFINED,0.31,0.27,-12.9,decrease,35,0,11.62,50.78,1,22.9,2.86,0.33,20,OK,"ACOS 22.9% exceeds target range (16%-22%). CVR: 2.86%. Decreasing bid by 12.6% to improve efficiency. Formula: 0.31 × (20/22.9) = 0.27, capped at -25%."
"Slices MANUAL","Slices MANUAL","tronchi",BROAD,0.16,0.14,-12.5,decrease,35,0,4.69,0.00,0,0.0,0.00,0.13,20,OK,"No sales after 35 clicks (CVR: 0%). Reducing bid by 15% to limit exposure. Formula: base bid reduced by 15% based on click volume. Consider negative targeting if pattern continues."
"SP Cutting Mat MANUAL","Cutting Mat MANUAL ALL","cutting mat",BROAD,0.33,0.29,-12.1,decrease,59,0,22.58,99.52,5,22.7,8.47,0.38,20,OK,"ACOS 22.7% exceeds target range (16%-22%). CVR: 8.47%. Decreasing bid by 11.9% to improve efficiency. Formula: 0.33 × (20/22.7) = 0.29, capped at -25%."
"SP-PT Cutting Mat UZIMOO","Cutting Mat UZIMOO","asin=""B08HQLVF22""",TARGETING_EXPRESSION,0.51,0.45,-11.8,decrease,86,0,37.66,165.98,10,22.7,11.63,0.44,20,OK,"ACOS 22.7% exceeds target range (16%-22%). CVR: 11.63%. Decreasing bid by 11.9% to improve efficiency. Formula: 0.51 × (20/22.7) = 0.45, capped at -25%."
"Lineal AUTOKEY","Lineal 30CM AUTOKEY","loose-match",TARGETING_EXPRESSION_PREDEFINED,0.17,0.15,-11.8,decrease,184,0,30.72,132.31,13,23.2,7.07,0.17,20,Good,"ACOS 23.2% exceeds target range (16%-22%). CVR: 7.07%. Decreasing bid by 13.9% to improve efficiency. Formula: 0.17 × (20/23.2) = 0.15, capped at -25%."
"Paint MANUAL OIL","Paint MANUAL OIL 12ml","pittura a olio per pittura",BROAD,0.36,0.32,-11.1,decrease,39,0,14.14,62.12,3,22.8,7.69,0.36,20,OK,"ACOS 22.8% exceeds target range (16%-22%). CVR: 7.69%. Decreasing bid by 12.1% to improve efficiency. Formula: 0.36 × (20/22.8) = 0.32, capped at -25%."
"SP AUTO HOG Paint Brush Set 12L","SP AUTO HOG Paint Brush Set 12L","close-match",TARGETING_EXPRESSION_PREDEFINED,0.56,0.50,-10.7,decrease,77,0,42.12,186.96,12,22.5,15.58,0.55,20,OK,"ACOS 22.5% exceeds target range (16%-22%). CVR: 15.58%. Decreasing bid by 11.2% to improve efficiency. Formula: 0.56 × (20/22.5) = 0.50, capped at -25%."
"SP-PT Cutting Mat ACROPAQ","Cutting Mat ACROPAQ","asin=""B0BVRHJQ4T""",TARGETING_EXPRESSION,0.51,0.46,-9.8,decrease,441,0,179.60,802.45,42,22.4,9.52,0.41,20,High,"ACOS 22.4% exceeds target range (16%-22%). CVR: 9.52%. Decreasing bid by 10.6% to improve efficiency. Formula: 0.51 × (20/22.4) = 0.46, capped at -25%."
"Canvas Panel MANUAL ALL","Canvas Panel MANUAL ALL","tele per dipingere",PHRASE,0.41,0.37,-9.8,decrease,100,0,43.47,193.85,8,22.4,8.00,0.43,20,Good,"ACOS 22.4% exceeds target range (16%-22%). CVR: 8.00%. Decreasing bid by 10.8% to improve efficiency. Formula: 0.41 × (20/22.4) = 0.37, capped at -25%."
"Paint MANUAL GOUACHE","Paint MANUAL GOUACHE","gouache paint",BROAD,0.33,0.30,-9.1,decrease,44,0,15.51,69.45,5,22.3,11.36,0.35,20,OK,"ACOS 22.3% exceeds target range (16%-22%). CVR: 11.36%. Decreasing bid by 10.4% to improve efficiency. Formula: 0.33 × (20/22.3) = 0.30, capped at -25%."
"Paint AUTO OIL","Paint AUTO OIL 12ml","complements",TARGETING_EXPRESSION_PREDEFINED,0.26,0.33,26.9,increase,116,0,28.81,201.07,9,14.3,7.76,0.25,20,Good,"ACOS 14.3% is below target range (16%-22%). CVR: 7.76%. Increasing bid by 25.0% to capture more volume. Formula: 0.26 × (20/14.3) = 0.36, capped at +25%."
"Lineal AUTOKEY","Lineal 30CM AUTOKEY","complements",TARGETING_EXPRESSION_PREDEFINED,0.15,0.19,26.7,increase,107,0,15.89,110.35,8,14.4,7.48,0.15,20,Good,"ACOS 14.4% is below target range (16%-22%). CVR: 7.48%. Increasing bid by 25.0% to capture more volume. Formula: 0.15 × (20/14.4) = 0.21, capped at +25%."
"SP Cutting Mat MANUAL","Cutting Mat A3","cutting mat a3",BROAD,0.38,0.48,26.3,increase,34,0,13.71,155.30,10,8.8,29.41,0.40,20,OK,"ACOS 8.8% is below target range (16%-22%). CVR: 29.41%. Increasing bid by 25.0% to capture more volume. Formula: 0.38 × (20/8.8) = 0.86, capped at +25%."
"Canvas Panel AUTO Detail","Canvas Panel AUTO 40x50","loose-match",TARGETING_EXPRESSION_PREDEFINED,0.38,0.48,26.3,increase,32,0,13.40,98.25,3,13.6,9.38,0.42,20,OK,"ACOS 13.6% is below target range (16%-22%). CVR: 9.38%. Increasing bid by 25.0% to capture more volume. Formula: 0.38 × (20/13.6) = 0.56, capped at +25%."
"SP Cutting Mat MANUAL","Cutting Mat A3","tappetino taglio a3",PHRASE,0.38,0.48,26.3,increase,56,0,26.52,189.61,13,14.0,23.21,0.47,20,OK,"ACOS 14.0% is below target range (16%-22%). CVR: 23.21%. Increasing bid by 25.0% to capture more volume. Formula: 0.38 × (20/14.0) = 0.54, capped at +25%."
"Stretched Canvas MANUAL Detail","Stretched Canvas MANUAL 20x20","tela 20x20",BROAD,0.38,0.48,26.3,increase,45,0,20.56,187.66,10,11.0,22.22,0.46,20,OK,"ACOS 11.0% is below target range (16%-22%). CVR: 22.22%. Increasing bid by 25.0% to capture more volume. Formula: 0.38 × (20/11.0) = 0.69, capped at +25%."
"Stretched Canvas MANUAL ALL","Stretched Canvas MANUAL ALL","tele dipingere",BROAD,0.38,0.48,26.3,increase,66,0,26.84,174.44,5,15.4,7.58,0.41,20,OK,"ACOS 15.4% is below target range (16%-22%). CVR: 7.58%. Increasing bid by 25.0% to capture more volume. Formula: 0.38 × (20/15.4) = 0.49, capped at +25%."
"SP AUTO HOG Bright Paint Brush","SP AUTO HOG Bright Paint Brush","close-match",TARGETING_EXPRESSION_PREDEFINED,0.46,0.58,26.1,increase,86,0,33.07,556.09,10,5.9,11.63,0.38,20,OK,"ACOS 5.9% is below target range (16%-22%). CVR: 11.63%. Increasing bid by 25.0% to capture more volume. Formula: 0.46 × (20/5.9) = 1.55, capped at +25%."
"Premium Stretched Canvas MANUAL ALL","Premium Stretched Canvas MANUAL ALL","tela per dipingere",BROAD,0.46,0.58,26.1,increase,70,0,30.76,231.03,1,13.3,1.43,0.44,20,OK,"ACOS 13.3% is below target range (16%-22%). CVR: 1.43%. Increasing bid by 25.0% to capture more volume. Formula: 0.46 × (20/13.3) = 0.69, capped at +25%."
"Paint MANUAL WATER","Paint MANUAL WATER","acquarello",PHRASE,0.31,0.39,25.8,increase,33,0,11.21,72.82,3,15.4,9.09,0.34,20,OK,"ACOS 15.4% is below target range (16%-22%). CVR: 9.09%. Increasing bid by 25.0% to capture more volume. Formula: 0.31 × (20/15.4) = 0.40, capped at +25%."
"Stretched Canvas MANUAL Detail","Stretched Canvas MANUAL 50x50","tela 50x50",BROAD,0.66,0.83,25.8,increase,35,0,16.25,122.82,3,13.2,8.57,0.46,20,OK,"ACOS 13.2% is below target range (16%-22%). CVR: 8.57%. Increasing bid by 25.0% to capture more volume. Formula: 0.66 × (20/13.2) = 1.00, capped at +25%."
"SP-PT Cutting Mat IDEEN MIT HERZ","Cutting Mat IDEEN MIT HERZ","asin=""B07DDGTPTG""",TARGETING_EXPRESSION,0.51,0.64,25.5,increase,70,0,27.88,176.63,10,15.8,14.29,0.40,20,OK,"ACOS 15.8% is below target range (16%-22%). CVR: 14.29%. Increasing bid by 25.0% to capture more volume. Formula: 0.51 × (20/15.8) = 0.65, capped at +25%."
"SP-PT Cutting Mat ARTWAY","Cutting Mat ARTWAY","asin=""B085DZH9D9""",TARGETING_EXPRESSION,0.51,0.64,25.5,increase,37,0,15.95,110.46,5,14.4,13.51,0.43,20,OK,"ACOS 14.4% is below target range (16%-22%). CVR: 13.51%. Increasing bid by 25.0% to capture more volume. Formula: 0.51 × (20/14.4) = 0.71, capped at +25%."
"SP-PT Cutting Mat ACROPAQ","Cutting Mat ACROPAQ","asin=""B0BVRJT2H2""",TARGETING_EXPRESSION,0.51,0.64,25.5,increase,104,0,41.22,370.17,15,11.1,14.42,0.40,20,Good,"ACOS 11.1% is below target range (16%-22%). CVR: 14.42%. Increasing bid by 25.0% to capture more volume. Formula: 0.51 × (20/11.1) = 0.92, capped at +25%."
"Slices MANUAL","Slices MANUAL 16","legno 15 cm",PHRASE,0.51,0.64,25.5,increase,60,0,30.86,289.81,7,10.6,11.67,0.51,20,OK,"ACOS 10.6% is below target range (16%-22%). CVR: 11.67%. Increasing bid by 25.0% to capture more volume. Formula: 0.51 × (20/10.6) = 0.96, capped at +25%."
"Premium Stretched Canvas MANUAL ALL","Premium Stretched Canvas MANUAL ALL","tele per dipingere",BROAD,0.51,0.64,25.5,increase,38,0,17.24,318.47,7,5.4,18.42,0.45,20,OK,"ACOS 5.4% is below target range (16%-22%). CVR: 18.42%. Increasing bid by 25.0% to capture more volume. Formula: 0.51 × (20/5.4) = 1.88, capped at +25%."
"Stretched Canvas MANUAL Detail","Stretched Canvas MANUAL 60x80","tela 60x80",BROAD,0.71,0.89,25.4,increase,31,0,13.25,117.95,2,11.2,6.45,0.43,20,OK,"ACOS 11.2% is below target range (16%-22%). CVR: 6.45%. Increasing bid by 25.0% to capture more volume. Formula: 0.71 × (20/11.2) = 1.26, capped at +25%."
"SP Cutting Mat MANUAL","Cutting Mat MANUAL ALL","base per taglio cutter",BROAD,0.36,0.45,25.0,increase,58,0,21.33,170.15,8,12.5,13.79,0.37,20,OK,"ACOS 12.5% is below target range (16%-22%). CVR: 13.79%. Increasing bid by 25.0% to capture more volume. Formula: 0.36 × (20/12.5) = 0.57, capped at +25%."
"SP Cutting Mat MANUAL","Cutting Mat MANUAL ALL","piano da taglio",BROAD,0.36,0.45,25.0,increase,166,0,60.09,393.33,18,15.3,10.84,0.36,20,Good,"ACOS 15.3% is below target range (16%-22%). CVR: 10.84%. Increasing bid by 25.0% to capture more volume. Formula: 0.36 × (20/15.3) = 0.47, capped at +25%."
"Paint MANUAL ALL","Paint MANUAL ALL","pittura",PHRASE,0.28,0.35,25.0,increase,52,0,14.67,96.55,4,15.2,7.69,0.28,20,OK,"ACOS 15.2% is below target range (16%-22%). CVR: 7.69%. Increasing bid by 25.0% to capture more volume. Formula: 0.28 × (20/15.2) = 0.37, capped at +25%."
"SP Cutting Mat MANUAL","Cutting Mat A1 90x60","tappetini taglio 60x90",BROAD,0.56,0.70,25.0,increase,30,0,15.52,200.66,5,7.7,16.67,0.52,20,OK,"ACOS 7.7% is below target range (16%-22%). CVR: 16.67%. Increasing bid by 25.0% to capture more volume. Formula: 0.56 × (20/7.7) = 1.45, capped at +25%."
"SP Cutting Mat MANUAL","Cutting Mat A1","tappetini taglio a1",BROAD,0.56,0.70,25.0,increase,108,0,59.65,512.73,12,11.6,11.11,0.55,20,Good,"ACOS 11.6% is below target range (16%-22%). CVR: 11.11%. Increasing bid by 25.0% to capture more volume. Formula: 0.56 × (20/11.6) = 0.96, capped at +25%."
"SP Cutting Mat MANUAL","Cutting Mat MANUAL ALL","tappetino per tagliare",PHRASE,0.36,0.45,25.0,increase,90,0,40.67,293.19,13,13.9,14.44,0.45,20,OK,"ACOS 13.9% is below target range (16%-22%). CVR: 14.44%. Increasing bid by 25.0% to capture more volume. Formula: 0.36 × (20/13.9) = 0.52, capped at +25%."
"Stretched Canvas MANUAL Detail","Stretched Canvas MANUAL 50x70","tele 70x50",BROAD,0.76,0.95,25.0,increase,41,0,31.06,203.12,4,15.3,9.76,0.76,20,OK,"ACOS 15.3% is below target range (16%-22%). CVR: 9.76%. Increasing bid by 25.0% to capture more volume. Formula: 0.76 × (20/15.3) = 0.99, capped at +25%."
"Canvas Panel MANUAL Detail","Canvas Panel MANUAL 40x50","tele 40x50",BROAD,0.61,0.76,24.6,increase,32,0,14.62,221.05,6,6.6,18.75,0.46,20,OK,"ACOS 6.6% is below target range (16%-22%). CVR: 18.75%. Increasing bid by 25.0% to capture more volume. Formula: 0.61 × (20/6.6) = 1.84, capped at +25%."
"Stretched Canvas AUTO ALL","Stretched Canvas AUTO ALL","close-match",TARGETING_EXPRESSION_PREDEFINED,0.41,0.51,24.4,increase,332,0,147.14,1197.98,17,12.3,5.12,0.44,20,High,"ACOS 12.3% is below target range (16%-22%). CVR: 5.12%. Increasing bid by 25.0% to capture more volume. Formula: 0.41 × (20/12.3) = 0.67, capped at +25%."
"Canvas Panel AUTO Detail","Canvas Panel AUTO 50x70","loose-match",TARGETING_EXPRESSION_PREDEFINED,0.41,0.51,24.4,increase,52,0,22.09,215.62,4,10.2,7.69,0.42,20,OK,"ACOS 10.2% is below target range (16%-22%). CVR: 7.69%. Increasing bid by 25.0% to capture more volume. Formula: 0.41 × (20/10.2) = 0.80, capped at +25%."
"Stretched Canvas AUTO Detail","Stretched Canvas AUTO 80x100","loose-match",TARGETING_EXPRESSION_PREDEFINED,0.41,0.51,24.4,increase,65,0,27.81,179.21,2,15.5,3.08,0.43,20,OK,"ACOS 15.5% is below target range (16%-22%). CVR: 3.08%. Increasing bid by 25.0% to capture more volume. Formula: 0.41 × (20/15.5) = 0.53, capped at +25%."
"Canvas Panel MANUAL ALL","Canvas Panel MANUAL ALL","tele da pittura",BROAD,0.41,0.51,24.4,increase,41,0,17.67,788.93,6,2.2,14.63,0.43,20,OK,"ACOS 2.2% is below target range (16%-22%). CVR: 14.63%. Increasing bid by 25.0% to capture more volume. Formula: 0.41 × (20/2.2) = 3.66, capped at +25%."
"SP Cutting Mat MANUAL","Cutting Mat MANUAL ALL","cutter per tessuti",BROAD,0.33,0.41,24.2,increase,41,0,13.04,120.37,3,10.8,7.32,0.32,20,OK,"ACOS 10.8% is below target range (16%-22%). CVR: 7.32%. Increasing bid by 25.0% to capture more volume. Formula: 0.33 × (20/10.8) = 0.61, capped at +25%."
"Paint AUTO WATER","Paint AUTO WATER","substitutes",TARGETING_EXPRESSION_PREDEFINED,0.18,0.22,22.2,increase,55,0,10.60,114.67,4,9.2,7.27,0.19,20,OK,"ACOS 9.2% is below target range (16%-22%). CVR: 7.27%. Increasing bid by 25.0% to capture more volume. Formula: 0.18 × (20/9.2) = 0.39, capped at +25%."