date,attributedSalesSameSku1d,roasClicks14d,unitsSoldClicks1d,matchType,attributedSalesSameSku14d,unitsSoldOtherSku14d,sales7d,salesOtherSku14d,attributedSalesSameSku30d,searchTerm,unitsSoldSameSku1d,campaignStatus,keyword,salesOtherSku7d,purchasesSameSku7d,campaignBudgetAmount,purchases7d,unitsSoldSameSku30d,costPerClick,unitsSoldClicks14d,adGroupName,campaignId,clickThroughRate,purchaseClickRate14d,acosClicks14d,unitsSoldClicks30d,portfolioId,campaignBudgetCurrencyCode,roasClicks7d,unitsSoldSameSku14d,unitsSoldClicks7d,keywordId,attributedSalesSameSku7d,sales1d,adGroupId,addToList,keywordBid,targeting,purchasesSameSku14d,unitsSoldOtherSku7d,spend,purchasesSameSku1d,campaignBudgetType,keywordType,purchases1d,unitsSoldSameSku7d,cost,sales14d,acosClicks7d,sales30d,impressions,purchasesSameSku30d,purchases14d,purchases30d,clicks,campaignName
2025-12-31,0.0,0.0,0,TARGETING_EXPRESSION_PREDEFINED,0.0,0,0.0,0.0,0.0,3660 canvas,0,ENABLED,close-match,0.0,0,30.0,0,0,0.38,0,Stretched Canvas AUTO ALL,322603208588387,100.0,0.0,,0,49215886513051,EUR,0.0,0,0,9853124101240,0.0,0.0,469269469532754,0,0.41,close-match,0,0,0.38,0,DAILY_BUDGET,TARGETING_EXPRESSION_PREDEFINED,0,0,0.38,0.0,,0.0,1,0,0,0,1,Stretched Canvas AUTO ALL
2025-12-31,0.0,53.42307692307693,0,TARGETING_EXPRESSION_PREDEFINED,13.89,0,13.89,0.0,13.89,acquarelli,0,ENABLED,loose-match,0.0,1,15.0,1,1,0.26,1,Paint AUTO WATER,513749172344724,7.142857142857142,100.0,1.8718502519798417,1,279725684982601,EUR,53.42307692307693,1,1,164989747311077,13.89,0.0,392758841230860,0,0.23,loose-match,1,0,0.26,0,DAILY_BUDGET,TARGETING_EXPRESSION_PREDEFINED,0,1,0.26,13.89,1.8718502519798417,13.89,14,1,1,1,1,Paint AUTO WATER
2025-12-31,0.0,0.0,0,BROAD,0.0,0,0.0,0.0,0.0,acquarelli per dipingere,0,ENABLED,set per dipingere per dipingere,0.0,0,25.0,0,0,0.45,0,Paint MANUAL ALL,447250879119603,1.5625,0.0,,0,279725684982601,EUR,0.0,0,0,164780543644331,0.0,0.0,560840479586284,0,0.38,set per dipingere per dipingere,0,0,0.9,0,DAILY_BUDGET,BROAD,0,0,0.9,0.0,,0.0,128,0,0,0,2,Paint MANUAL ALL
2025-12-31,0.0,0.0,0,BROAD,0.0,0,0.0,0.0,0.0,acquarelli per dipingere,0,ENABLED,set pittura per dipingere,0.0,0,25.0,0,0,0.45,0,Paint MANUAL ALL,447250879119603,7.142857142857142,0.0,,0,279725684982601,EUR,0.0,0,0,100928275185879,0.0,0.0,560840479586284,0,0.38,set pittura per dipingere,0,0,0.45,0,DAILY_BUDGET,BROAD,0,0,0.45,0.0,,0.0,14,0,0,0,1,Paint MANUAL ALL
2025-12-31,0.0,0.0,0,EXACT,0.0,0,0.0,0.0,0.0,acquarelli professionali,0,ENABLED,acquarelli professionali,0.0,0,10.0,0,0,0.37,0,Paint MANUAL WATER,534516355453981,11.11111111111111,0.0,,0,279725684982601,EUR,0.0,0,0,147795122108675,0.0,0.0,372235335652539,0,0.31,acquarelli professionali,0,0,0.37,0,DAILY_BUDGET,EXACT,0,0,0.37,0.0,,0.0,9,0,0,0,1,Paint MANUAL WATER
2025-12-31,0.0,0.0,0,BROAD,0.0,0,0.0,0.0,0.0,acquerelli,0,ENABLED,acquerello,0.0,0,20.0,0,0,0.16,0,Water MANUAL,144719711848390,2.0,0.0,,0,51115655977058,EUR,0.0,0,0,48339896413928,0.0,0.0,215111353509927,0,0.21,acquerello,0,0,0.16,0,DAILY_BUDGET,BROAD,0,0,0.16,0.0,,0.0,50,0,0,0,1,Books MANUAL
2025-12-31,0.0,0.0,0,TARGETING_EXPRESSION,0.0,0,0.0,0.0,0.0,acquerelli,0,ENABLED,"asin=""B07XM7SDWF""",0.0,0,20.0,0,0,0.22,0,Water Product Target,205703272465105,100.0,0.0,,0,51115655977058,EUR,0.0,0,0,82492237861470,0.0,0.0,271092907946393,0,0.26,"asin=""B07XM7SDWF""",0,0,0.22,0,DAILY_BUDGET,TARGETING_EXPRESSION,0,0,0.22,0.0,,0.0,1,0,0,0,1,Books PRODUCT TARGET (D)
2025-12-31,0.0,0.0,0,BROAD,0.0,0,0.0,0.0,0.0,acquerelli tubetti,0,ENABLED,acquerelli tubetto,0.0,0,10.0,0,0,0.31,0,Paint MANUAL WATER,534516355453981,33.33333333333333,0.0,,0,279725684982601,EUR,0.0,0,0,80455952604608,0.0,0.0,372235335652539,0,0.31,acquerelli tubetto,0,0,0.31,0,DAILY_BUDGET,BROAD,0,0,0.31,0.0,,0.0,3,0,0,0,1,Paint MANUAL WATER
2025-12-31,0.0,0.0,0,EXACT,0.0,0,0.0,0.0,0.0,acquerelli tubetto,0,ENABLED,acquerelli in tubetto,0.0,0,10.0,0,0,0.36,0,Paint MANUAL WATER,534516355453981,12.5,0.0,,0,279725684982601,EUR,0.0,0,0,131649966172433,0.0,0.0,372235335652539,0,0.31,acquerelli in tubetto,0,0,0.36,0,DAILY_BUDGET,EXACT,0,0,0.36,0.0,,0.0,8,0,0,0,1,Paint MANUAL WATER
2025-12-31,0.0,0.0,0,BROAD,0.0,0,0.0,0.0,0.0,amazon basics set pennelli pittura,0,ENABLED,set pennello pittura,0.0,0,20.0,0,0,0.41,0,SP Manual General Keywords Paint Brush - SHAPES,382193361476478,100.0,0.0,,0,143372869517047,EUR,0.0,0,0,138695732471226,0.0,0.0,284169521694618,0,0.41,set pennello pittura,0,0,0.41,0,DAILY_BUDGET,BROAD,0,0,0.41,0.0,,0.0,1,0,0,0,1,SP Manual General Keywords ALL Paint Brush
2025-12-31,0.0,0.0,0,TARGETING_EXPRESSION_PREDEFINED,0.0,0,0.0,0.0,0.0,b000j6esto,0,ENABLED,substitutes,0.0,0,30.0,0,0,0.13,0,Cutting Mat A3,526952763171810,100.0,0.0,,0,85977174074563,EUR,0.0,0,0,38779840908104,0.0,0.0,309053632840591,0,0.13,substitutes,0,0,0.13,0,DAILY_BUDGET,TARGETING_EXPRESSION_PREDEFINED,0,0,0.13,0.0,,0.0,1,0,0,0,1,SP Cutting Mat AUTO DETAIL
2025-12-31,0.0,0.0,0,TARGETING_EXPRESSION,0.0,0,0.0,0.0,0.0,b0012fhv8g,0,ENABLED,"asin=""B0012FHV8G""",0.0,0,10.0,0,0,0.44,0,Rotary Cutter Product Target,13026469062635,4.0,0.0,,0,182821919138925,EUR,0.0,0,0,40683857545195,0.0,0.0,18738954026722,0,0.23,"asin=""B0012FHV8G""",0,0,1.76,0,DAILY_BUDGET,TARGETING_EXPRESSION,0,0,1.76,0.0,,0.0,100,0,0,0,4,Rotary Cutter Product Target
2025-12-31,0.0,0.0,0,TARGETING_EXPRESSION_PREDEFINED,0.0,0,0.0,0.0,0.0,b004asn3f2,0,ENABLED,substitutes,0.0,0,10.0,0,0,0.38,0,SP AUTO HOG Angled Paint Brush,473936542880687,33.33333333333333,0.0,,0,143372869517047,EUR,0.0,0,0,21948866060289,0.0,0.0,318826886059667,0,0.38,substitutes,0,0,0.38,0,DAILY_BUDGET,TARGETING_EXPRESSION_PREDEFINED,0,0,0.38,0.0,,0.0,3,0,0,0,1,SP AUTO HOG Angled Paint Brush
2025-12-31,0.0,52.8235294117647,0,TARGETING_EXPRESSION,8.98,0,8.98,0.0,8.98,b0053g4nko,0,ENABLED,"asin=""B0053G4NKO""",0.0,1,10.0,1,1,0.17,1,Lineal Product Target,251285373360031,50.0,100.0,1.893095768374165,1,157991161943684,EUR,52.8235294117647,1,1,208135495931868,8.98,0.0,79831730993263,0,0.26,"asin=""B0053G4NKO""",1,0,0.17,0,DAILY_BUDGET,TARGETING_EXPRESSION,0,1,0.17,8.98,1.893095768374165,8.98,2,1,1,1,1,Lineal Product Target
2025-12-31,0.0,0.0,0,TARGETING_EXPRESSION_PREDEFINED,0.0,0,0.0,0.0,0.0,b0074h07sw,0,ENABLED,substitutes,0.0,0,10.0,0,0,0.43,0,SP AUTO HOG Bright Paint Brush,534630692585774,50.0,0.0,,0,143372869517047,EUR,0.0,0,0,156718146233001,0.0,0.0,509248295374632,0,0.38,substitutes,0,0,0.43,0,DAILY_BUDGET,TARGETING_EXPRESSION_PREDEFINED,0,0,0.43,0.0,,0.0,2,0,0,0,1,SP AUTO HOG Bright Paint Brush
2025-12-31,0.0,0.0,0,TARGETING_EXPRESSION,0.0,0,0.0,0.0,0.0,b00l8jfjj4,0,ENABLED,"asin=""B00L8JFJJ4""",0.0,0,20.0,0,0,0.22,0,Water Product Target,205703272465105,4.3478260869565215,0.0,,0,51115655977058,EUR,0.0,0,0,190717326961523,0.0,0.0,271092907946393,0,0.26,"asin=""B00L8JFJJ4""",0,0,0.22,0,DAILY_BUDGET,TARGETING_EXPRESSION,0,0,0.22,0.0,,0.0,23,0,0,0,1,Books PRODUCT TARGET (D)
2025-12-31,0.0,0.0,0,TARGETING_EXPRESSION,0.0,0,0.0,0.0,0.0,b00o41v89i,0,ENABLED,"category=""4290241031""",0.0,0,15.0,0,0,0.39,0,Cutting Mat CAT ALL,266820316933187,7.6923076923076925,0.0,,0,85977174074563,EUR,0.0,0,0,85093910200041,0.0,0.0,29718609768123,0,0.26,"category=""Tappetini per taglio""",0,0,0.39,0,DAILY_BUDGET,TARGETING_EXPRESSION,0,0,0.39,0.0,,0.0,13,0,0,0,1,SP Cutting Mat CAT ALL (UD)
2025-12-31,0.0,0.0,0,TARGETING_EXPRESSION_PREDEFINED,0.0,0,0.0,0.0,0.0,b01h0546ma,0,ENABLED,close-match,0.0,0,30.0,0,0,0.23,0,Stretched Canvas AUTO ALL,322603208588387,14.285714285714285,0.0,,0,49215886513051,EUR,0.0,0,0,9853124101240,0.0,0.0,469269469532754,0,0.41,close-match,0,0,0.23,0,DAILY_BUDGET,TARGETING_EXPRESSION_PREDEFINED,0,0,0.23,0.0,,0.0,7,0,0,0,1,Stretched Canvas AUTO ALL
2025-12-31,0.0,0.0,0,TARGETING_EXPRESSION,0.0,0,0.0,0.0,0.0,b075892h4r,0,ENABLED,"category=""4354977031""",0.0,0,45.0,0,0,0.54,0,280 Stretched Canvas Board & Panel,307061927469706,1.0752688172043012,0.0,,0,49215886513051,EUR,0.0,0,0,199013090607440,0.0,0.0,311609754608522,0,0.51,"category=""Pannelli in tela per hobby creativi""",0,0,0.54,0,DAILY_BUDGET,TARGETING_EXPRESSION,0,0,0.54,0.0,,0.0,93,0,0,0,1,Stretched Canvas CAT Detail
2025-12-31,0.0,0.0,0,TARGETING_EXPRESSION,0.0,0,0.0,0.0,0.0,b07b8hlb79,0,ENABLED,"asin=""B07B8HLB79""",0.0,0,20.0,0,0,0.34,0,Slices Product Target,310682554455004,1.3333333333333335,0.0,,0,22396319718596,EUR,0.0,0,0,46441811915155,0.0,0.0,438078483922186,0,0.18,"asin=""B07B8HLB79""",0,0,0.34,0,DAILY_BUDGET,TARGETING_EXPRESSION,0,0,0.34,0.0,,0.0,75,0,0,0,1,Slices Product Target
2025-12-31,0.0,103.88461538461539,0,TARGETING_EXPRESSION_PREDEFINED,27.01,0,27.01,0.0,27.01,b07bsfw6q7,0,ENABLED,substitutes,0.0,1,30.0,1,1,0.26,1,Cutting Mat A2,526952763171810,100.0,100.0,0.9626064420584968,1,85977174074563,EUR,103.88461538461539,1,1,145376871646292,27.01,0.0,474413604686088,0,0.26,substitutes,1,0,0.26,0,DAILY_BUDGET,TARGETING_EXPRESSION_PREDEFINED,0,1,0.26,27.01,0.9626064420584968,27.01,1,1,1,1,1,SP Cutting Mat AUTO DETAIL
2025-12-31,0.0,0.0,0,TARGETING_EXPRESSION,0.0,0,0.0,0.0,0.0,b07grhl4r8,0,ENABLED,"category=""4354979031""",0.0,0,45.0,0,0,0.11,0,Stretched Canvas CAT 60x60,307061927469706,50.0,0.0,,0,49215886513051,EUR,0.0,0,0,155748124416826,0.0,0.0,461859839952884,0,0.38,"category=""Tele intelaiate per artisti""",0,0,0.11,0,DAILY_BUDGET,TARGETING_EXPRESSION,0,0,0.11,0.0,,0.0,2,0,0,0,1,Stretched Canvas CAT Detail
2025-12-31,0.0,0.0,0,TARGETING_EXPRESSION,0.0,0,0.0,0.0,0.0,b07j3h7f19,0,ENABLED,"asin=""B07J3H7F19""",0.0,0,20.0,0,0,0.26,0,Water Product Target,205703272465105,16.666666666666664,0.0,,0,51115655977058,EUR,0.0,0,0,163270340276244,0.0,0.0,271092907946393,0,0.26,"asin=""B07J3H7F19""",0,0,0.26,0,DAILY_BUDGET,TARGETING_EXPRESSION,0,0,0.26,0.0,,0.0,6,0,0,0,1,Books PRODUCT TARGET (D)
2025-12-31,0.0,0.0,0,TARGETING_EXPRESSION_PREDEFINED,0.0,0,0.0,0.0,0.0,b07l2sps7h,0,ENABLED,complements,0.0,0,10.0,0,0,0.11,0,Rotary cutters AUTO,145719612249034,20.0,0.0,,0,182821919138925,EUR,0.0,0,0,219547178026729,0.0,0.0,82028106265256,0,0.11,complements,0,0,0.11,0,DAILY_BUDGET,TARGETING_EXPRESSION_PREDEFINED,0,0,0.11,0.0,,0.0,5,0,0,0,1,Rotary Cutters AUTO
2025-12-31,0.0,0.0,0,TARGETING_EXPRESSION_PREDEFINED,0.0,0,0.0,0.0,0.0,b07mzvxllw,0,ENABLED,complements,0.0,0,10.0,0,0,0.15,0,Lineal 30CM AUTOKEY,210807790169151,5.0,0.0,,0,157991161943684,EUR,0.0,0,0,65872421115028,0.0,0.0,213624505474109,0,0.18,complements,0,0,0.15,0,DAILY_BUDGET,TARGETING_EXPRESSION_PREDEFINED,0,0,0.15,0.0,,0.0,20,0,0,0,1,Lineal AUTOKEY
2025-12-31,0.0,0.0,0,TARGETING_EXPRESSION,0.0,0,0.0,0.0,0.0,b07mzvxllw,0,ENABLED,"category=""4290241031""",0.0,0,15.0,0,0,0.36,0,Cutting Mat CAT ALL,266820316933187,2.2222222222222223,0.0,,0,85977174074563,EUR,0.0,0,0,85093910200041,0.0,0.0,29718609768123,0,0.26,"category=""Tappetini per taglio""",0,0,0.72,0,DAILY_BUDGET,TARGETING_EXPRESSION,0,0,0.72,0.0,,0.0,90,0,0,0,2,SP Cutting Mat CAT ALL (UD)
2025-12-31,0.0,0.0,0,TARGETING_EXPRESSION,0.0,0,0.0,0.0,0.0,b07n1j6wgd,0,ENABLED,"asin=""B07N1J6WGD""",0.0,0,10.0,0,0,0.28,0,Cutting Mat Defensive to Cutter,480682579660382,1.8518518518518516,0.0,,0,16100521868081,EUR,0.0,0,0,149900233983395,0.0,0.0,476788787962687,0,0.23,"asin=""B07N1J6WGD""",0,0,0.28,0,DAILY_BUDGET,TARGETING_EXPRESSION,0,0,0.28,0.0,,0.0,54,0,0,0,1,SP-PT Cutting Mat Defensive to Cutter
2025-12-31,0.0,0.0,0,TARGETING_EXPRESSION,0.0,0,0.0,0.0,0.0,b07n1mqwl1,0,ENABLED,"asin=""B07N1MQWL1""",0.0,0,10.0,0,0,0.28,0,Rotary Cutter Defensive to Cutting Mat,326485743429022,7.6923076923076925,0.0,,0,125075924193664,EUR,0.0,0,0,71405169978792,0.0,0.0,399615621988455,0,0.26,"asin=""B07N1MQWL1""",0,0,0.28,0,DAILY_BUDGET,TARGETING_EXPRESSION,0,0,0.28,0.0,,0.0,13,0,0,0,1,SP-PT Rotary Cutter Defensive to Cutting Mat
2025-12-31,0.0,0.0,0,TARGETING_EXPRESSION,0.0,0,0.0,0.0,0.0,b07n66zvpc,0,ENABLED,"asin=""B07N66ZVPC""",0.0,0,10.0,0,0,0.35,0,Cutting Mat ARTWAY,429967929058999,4.444444444444445,0.0,,0,158136842456,EUR,0.0,0,0,78391482252893,0.0,0.0,308384972804227,0,0.36,"asin=""B07N66ZVPC""",0,0,0.7,0,DAILY_BUDGET,TARGETING_EXPRESSION,0,0,0.7,0.0,,0.0,45,0,0,0,2,SP-PT Cutting Mat ARTWAY
2025-12-31,0.0,0.0,0,TARGETING_EXPRESSION,0.0,0,0.0,0.0,0.0,b07n67wvqh,0,ENABLED,"asin=""B07N67WVQH""",0.0,0,10.0,0,0,0.3,0,Cutting Mat ARTWAY,429967929058999,6.666666666666667,0.0,,0,158136842456,EUR,0.0,0,0,157888492795069,0.0,0.0,308384972804227,0,0.41,"asin=""B07N67WVQH""",0,0,0.3,0,DAILY_BUDGET,TARGETING_EXPRESSION,0,0,0.3,0.0,,0.0,15,0,0,0,1,SP-PT Cutting Mat ARTWAY
2025-12-31,0.0,0.0,0,TARGETING_EXPRESSION_PREDEFINED,0.0,0,0.0,0.0,0.0,b07pk59tz8,0,ENABLED,substitutes,0.0,0,30.0,0,0,0.28,0,Cutting Mat A1,526952763171810,5.555555555555555,0.0,,0,85977174074563,EUR,0.0,0,0,119467759584960,0.0,0.0,500435606035405,0,0.28,substitutes,0,0,0.28,0,DAILY_BUDGET,TARGETING_EXPRESSION_PREDEFINED,0,0,0.28,0.0,,0.0,18,0,0,0,1,SP Cutting Mat AUTO DETAIL
2025-12-31,0.0,0.0,0,TARGETING_EXPRESSION_PREDEFINED,0.0,0,0.0,0.0,0.0,b07pk59tz8,0,ENABLED,complements,0.0,0,30.0,0,0,0.26,0,Cutting Mat A4,526952763171810,2.7027027027027026,0.0,,0,85977174074563,EUR,0.0,0,0,181230995385797,0.0,0.0,536439949218851,0,0.26,complements,0,0,0.26,0,DAILY_BUDGET,TARGETING_EXPRESSION_PREDEFINED,0,0,0.26,0.0,,0.0,37,0,0,0,1,SP Cutting Mat AUTO DETAIL
2025-12-31,0.0,0.0,0,TARGETING_EXPRESSION_PREDEFINED,0.0,0,0.0,0.0,0.0,b07rzv64m8,0,ENABLED,complements,0.0,0,10.0,0,0,0.34,0,SP AUTO HOG Paint Brush Set 12L,335306643527574,20.0,0.0,,0,143372869517047,EUR,0.0,0,0,120875211144731,0.0,0.0,503998125856705,0,0.36,complements,0,0,0.34,0,DAILY_BUDGET,TARGETING_EXPRESSION_PREDEFINED,0,0,0.34,0.0,,0.0,5,0,0,0,1,SP AUTO HOG Paint Brush Set 12L
2025-12-31,0.0,0.0,0,TARGETING_EXPRESSION_PREDEFINED,0.0,0,0.0,0.0,0.0,b07v34tgmb,0,ENABLED,substitutes,0.0,0,15.0,0,0,0.19,0,Paint AUTO WATER,513749172344724,100.0,0.0,,0,279725684982601,EUR,0.0,0,0,255535276069269,0.0,0.0,392758841230860,0,0.16,substitutes,0,0,0.19,0,DAILY_BUDGET,TARGETING_EXPRESSION_PREDEFINED,0,0,0.19,0.0,,0.0,1,0,0,0,1,Paint AUTO WATER
2025-12-31,0.0,0.0,0,TARGETING_EXPRESSION,0.0,0,0.0,0.0,0.0,b07w6rb78g,0,ENABLED,"asin=""B07W6RB78G""",0.0,0,10.0,0,0,0.42,0,Cutting Mat LA CANILLA,307664474826945,10.0,0.0,,0,158136842456,EUR,0.0,0,0,60120441865369,0.0,0.0,288009823471998,0,0.36,"asin=""B07W6RB78G""",0,0,0.42,0,DAILY_BUDGET,TARGETING_EXPRESSION,0,0,0.42,0.0,,0.0,10,0,0,0,1,SP-PT Cutting Mat LA CANILLA
2025-12-31,0.0,0.0,0,TARGETING_EXPRESSION,0.0,0,0.0,0.0,0.0,b07wv527jl,0,ENABLED,"asin=""B07WV527JL""",0.0,0,10.0,0,0,0.29,0,Rotary Cutter Complement Target - zit ook Elan in,13026469062635,9.090909090909092,0.0,,0,182821919138925,EUR,0.0,0,0,211414041404820,0.0,0.0,43615865496379,0,0.13,"asin=""B07WV527JL""",0,0,0.29,0,DAILY_BUDGET,TARGETING_EXPRESSION,0,0,0.29,0.0,,0.0,11,0,0,0,1,Rotary Cutter Product Target
2025-12-31,13.07,20.421875,1,TARGETING_EXPRESSION,13.07,0,13.07,0.0,13.07,b07xm7sdwf,1,ENABLED,"asin=""B07XM7SDWF""",0.0,1,20.0,1,1,0.32,1,Water Product Target,205703272465105,3.125,50.0,4.896710022953328,1,51115655977058,EUR,20.421875,1,1,82492237861470,13.07,13.07,271092907946393,0,0.26,"asin=""B07XM7SDWF""",1,0,0.64,1,DAILY_BUDGET,TARGETING_EXPRESSION,1,1,0.64,13.07,4.896710022953328,13.07,64,1,1,1,2,Books PRODUCT TARGET (D)
2025-12-31,0.0,0.0,0,TARGETING_EXPRESSION,0.0,0,0.0,0.0,0.0,b082mrhvxz,0,ENABLED,"asin=""B082MRHVXZ""",0.0,0,25.0,0,0,0.43,0,Stretched Canvas to Stretched Canvas PT,467493384500803,1.2658227848101267,0.0,,0,49215886513051,EUR,0.0,0,0,8317634707005,0.0,0.0,452128518199483,0,0.41,"asin=""B082MRHVXZ""",0,0,0.43,0,DAILY_BUDGET,TARGETING_EXPRESSION,0,0,0.43,0.0,,0.0,79,0,0,0,1,Stretched Canvas PRODUCT TARGET
2025-12-31,0.0,0.0,0,TARGETING_EXPRESSION,0.0,0,0.0,0.0,0.0,b083npsppt,0,ENABLED,"asin=""B083NPSPPT""",0.0,0,20.0,0,0,0.37,0,Slices Product Target,310682554455004,7.142857142857142,0.0,,0,22396319718596,EUR,0.0,0,0,128806907642804,0.0,0.0,438078483922186,0,0.36,"asin=""B083NPSPPT""",0,0,0.37,0,DAILY_BUDGET,TARGETING_EXPRESSION,0,0,0.37,0.0,,0.0,14,0,0,0,1,Slices Product Target
2025-12-31,0.0,0.0,0,TARGETING_EXPRESSION,0.0,0,0.0,0.0,0.0,b0845b2hqn,0,ENABLED,"category=""4290241031""",0.0,0,15.0,0,0,0.61,0,Cutting Mat CAT ALL,266820316933187,3.3333333333333335,0.0,,0,85977174074563,EUR,0.0,0,0,85093910200041,0.0,0.0,29718609768123,0,0.26,"category=""Tappetini per taglio""",0,0,1.23,0,DAILY_BUDGET,TARGETING_EXPRESSION,0,0,1.23,0.0,,0.0,60,0,0,0,2,SP Cutting Mat CAT ALL (UD)
2025-12-31,8.98,24.27027027027027,1,TARGETING_EXPRESSION,8.98,0,8.98,0.0,8.98,b08blctqn2,1,ENABLED,"category=""4355243031""",0.0,1,10.0,1,1,0.37,1,SP CAT NYL Flat Paint Brush,317744651961723,4.3478260869565215,100.0,4.120267260579064,1,143372869517047,EUR,24.27027027027027,1,1,280087549213015,8.98,8.98,395655804161234,0,0.41,"category=""Pennelli da pittura""",1,0,0.37,1,DAILY_BUDGET,TARGETING_EXPRESSION,1,1,0.37,8.98,4.120267260579064,8.98,23,1,1,1,1,SP CAT NYL Flat Paint Brush
2025-12-31,0.0,6.7525,1,TARGETING_EXPRESSION,0.0,1,27.01,27.01,0.0,b08w9m8gjj,0,ENABLED,"category=""4290241031""",27.01,0,15.0,1,0,0.5,1,Cutting Mat CAT ALL,266820316933187,7.4074074074074066,12.5,14.809329877823027,1,85977174074563,EUR,6.7525,0,1,85093910200041,0.0,27.01,29718609768123,0,0.26,"category=""Tappetini per taglio""",0,1,4.0,0,DAILY_BUDGET,TARGETING_EXPRESSION,1,0,4.0,27.01,14.809329877823027,27.01,108,0,1,1,8,SP Cutting Mat CAT ALL (UD)
2025-12-31,0.0,0.0,0,TARGETING_EXPRESSION,0.0,0,0.0,0.0,0.0,b08yycjb12,0,ENABLED,"category=""4354977031""",0.0,0,45.0,0,0,0.54,0,280 Stretched Canvas Board & Panel,307061927469706,50.0,0.0,,0,49215886513051,EUR,0.0,0,0,199013090607440,0.0,0.0,311609754608522,0,0.51,"category=""Pannelli in tela per hobby creativi""",0,0,0.54,0,DAILY_BUDGET,TARGETING_EXPRESSION,0,0,0.54,0.0,,0.0,2,0,0,0,1,Stretched Canvas CAT Detail
2025-12-31,0.0,0.0,0,TARGETING_EXPRESSION_PREDEFINED,0.0,0,0.0,0.0,0.0,b098ssp3c5,0,ENABLED,substitutes,0.0,0,30.0,0,0,0.13,0,Cutting Mat A3,526952763171810,100.0,0.0,,0,85977174074563,EUR,0.0,0,0,38779840908104,0.0,0.0,309053632840591,0,0.13,substitutes,0,0,0.13,0,DAILY_BUDGET,TARGETING_EXPRESSION_PREDEFINED,0,0,0.13,0.0,,0.0,1,0,0,0,1,SP Cutting Mat AUTO DETAIL
2025-12-31,0.0,0.0,0,TARGETING_EXPRESSION,0.0,0,0.0,0.0,0.0,b09lyvt1ws,0,ENABLED,"category=""4355216031""",0.0,0,15.0,0,0,0.23,0,Cutting Mat CAT A4,266820316933187,100.0,0.0,,0,85977174074563,EUR,0.0,0,0,183222638746139,0.0,0.0,206763878166697,0,0.16,"category=""Tappetini per taglio per quilting""",0,0,0.23,0,DAILY_BUDGET,TARGETING_EXPRESSION,0,0,0.23,0.0,,0.0,1,0,0,0,1,SP Cutting Mat CAT ALL (UD)
2025-12-31,0.0,0.0,0,TARGETING_EXPRESSION,0.0,0,0.0,0.0,0.0,b09n77frz9,0,ENABLED,"asin=""B09N77FRZ9""",0.0,0,20.0,0,0,0.38,0,Slices Product Target,310682554455004,2.0408163265306123,0.0,,0,22396319718596,EUR,0.0,0,0,229166694302748,0.0,0.0,438078483922186,0,0.28,"asin=""B09N77FRZ9""",0,0,0.38,0,DAILY_BUDGET,TARGETING_EXPRESSION,0,0,0.38,0.0,,0.0,49,0,0,0,1,Slices Product Target
2025-12-31,0.0,0.0,0,TARGETING_EXPRESSION_PREDEFINED,0.0,0,0.0,0.0,0.0,b09nxj9ks4,0,ENABLED,complements,0.0,0,30.0,0,0,0.31,0,Canvas Panel AUTO ALL,348903149843557,50.0,0.0,,0,82897394850015,EUR,0.0,0,0,124142729615593,0.0,0.0,437387918987121,0,0.31,complements,0,0,0.31,0,DAILY_BUDGET,TARGETING_EXPRESSION_PREDEFINED,0,0,0.31,0.0,,0.0,2,0,0,0,1,Canvas Panel AUTO ALL
2025-12-31,0.0,0.0,0,TARGETING_EXPRESSION,0.0,0,0.0,0.0,0.0,b0bmb9dky5,0,ENABLED,"category=""4354977031""",0.0,0,25.0,0,0,0.1,0,Canvas Panel CAT 15x20,348068142159599,100.0,0.0,,0,82897394850015,EUR,0.0,0,0,242412297689615,0.0,0.0,512104300120784,0,0.28,"category=""Pannelli in tela per hobby creativi""",0,0,0.1,0,DAILY_BUDGET,TARGETING_EXPRESSION,0,0,0.1,0.0,,0.0,1,0,0,0,1,Canvas Panel CAT Detail
2025-12-31,0.0,0.0,0,TARGETING_EXPRESSION,0.0,0,0.0,0.0,0.0,b0bpy9p2dn,0,ENABLED,"asin=""B0BPY9P2DN""",0.0,0,20.0,0,0,0.38,0,Slices Product Target,310682554455004,10.0,0.0,,0,22396319718596,EUR,0.0,0,0,136913222322116,0.0,0.0,438078483922186,0,0.36,"asin=""B0BPY9P2DN""",0,0,0.38,0,DAILY_BUDGET,TARGETING_EXPRESSION,0,0,0.38,0.0,,0.0,10,0,0,0,1,Slices Product Target
2025-12-31,0.0,0.0,0,TARGETING_EXPRESSION_PREDEFINED,0.0,0,0.0,0.0,0.0,b0brhvx6lt,0,ENABLED,close-match,0.0,0,20.0,0,0,0.44,0,Slices AUTO,119844285714117,9.090909090909092,0.0,,0,22396319718596,EUR,0.0,0,0,244847123215860,0.0,0.0,12178997824175,0,0.13,close-match,0,0,0.44,0,DAILY_BUDGET,TARGETING_EXPRESSION_PREDEFINED,0,0,0.44,0.0,,0.0,11,0,0,0,1,Slices AUTO
2025-12-31,0.0,0.0,0,TARGETING_EXPRESSION,0.0,0,0.0,0.0,0.0,b0byjsmjpw,0,ENABLED,"category=""4355242031""",0.0,0,10.0,0,0,0.36,0,SP CAT NYL Flat Paint Brush,317744651961723,50.0,0.0,,0,143372869517047,EUR,0.0,0,0,109638545123607,0.0,0.0,395655804161234,0,0.33,"category=""Set di pennelli da pittura""",0,0,0.36,0,DAILY_BUDGET,TARGETING_EXPRESSION,0,0,0.36,0.0,,0.0,2,0,0,0,1,SP CAT NYL Flat Paint Brush
2025-12-31,0.0,0.0,0,TARGETING_EXPRESSION,0.0,0,0.0,0.0,0.0,b0c4wcwh8j,0,ENABLED,"category=""4354977031""",0.0,0,45.0,0,0,0.49,0,280 Stretched Canvas Board & Panel,307061927469706,16.666666666666664,0.0,,0,49215886513051,EUR,0.0,0,0,199013090607440,0.0,0.0,311609754608522,0,0.51,"category=""Pannelli in tela per hobby creativi""",0,0,0.49,0,DAILY_BUDGET,TARGETING_EXPRESSION,0,0,0.49,0.0,,0.0,6,0,0,0,1,Stretched Canvas CAT Detail
2025-12-31,0.0,0.0,0,TARGETING_EXPRESSION,0.0,0,0.0,0.0,0.0,b0cgdp1v2d,0,ENABLED,"category=""4354978031""",0.0,0,20.0,0,0,0.8,0,Premium Stretched Canvas CAT 90x120,365630296319203,3.3333333333333335,0.0,,0,175781754206355,EUR,0.0,0,0,118417170453339,0.0,0.0,313854580898576,0,0.56,"category=""Utensili e accessori per tele""",0,0,0.8,0,DAILY_BUDGET,TARGETING_EXPRESSION,0,0,0.8,0.0,,0.0,30,0,0,0,1,Premium Stretched Canvas CAT Detail
2025-12-31,0.0,0.0,0,TARGETING_EXPRESSION,0.0,0,0.0,0.0,0.0,b0cgx9pgnl,0,ENABLED,"asin=""B0CGX9PGNL""",0.0,0,20.0,0,0,0.58,0,Water Product Target,205703272465105,11.11111111111111,0.0,,0,51115655977058,EUR,0.0,0,0,145684700647896,0.0,0.0,271092907946393,0,0.26,"asin=""B0CGX9PGNL""",0,0,0.58,0,DAILY_BUDGET,TARGETING_EXPRESSION,0,0,0.58,0.0,,0.0,9,0,0,0,1,Books PRODUCT TARGET (D)
2025-12-31,0.0,0.0,0,TARGETING_EXPRESSION_PREDEFINED,0.0,0,0.0,0.0,0.0,b0cld6tf6p,0,ENABLED,complements,0.0,0,20.0,0,0,0.48,0,Premium Stretched Canvas AUTO 80x100,332278070030441,33.33333333333333,0.0,,0,175781754206355,EUR,0.0,0,0,275460338560368,0.0,0.0,525942881804793,0,0.51,complements,0,0,0.48,0,DAILY_BUDGET,TARGETING_EXPRESSION_PREDEFINED,0,0,0.48,0.0,,0.0,3,0,0,0,1,Premium Stretched Canvas AUTO DETAIL
2025-12-31,0.0,0.0,0,TARGETING_EXPRESSION_PREDEFINED,0.0,0,0.0,0.0,0.0,b0cncp7hf6,0,ENABLED,loose-match,0.0,0,30.0,0,0,0.45,0,Canvas Panel AUTO 40x50,300932623305694,4.0,0.0,,0,82897394850015,EUR,0.0,0,0,55669035858422,0.0,0.0,421556561499407,0,0.38,loose-match,0,0,0.45,0,DAILY_BUDGET,TARGETING_EXPRESSION_PREDEFINED,0,0,0.45,0.0,,0.0,25,0,0,0,1,Canvas Panel AUTO Detail
2025-12-31,0.0,0.0,0,TARGETING_EXPRESSION,0.0,0,0.0,0.0,0.0,b0cnqt5frq,0,ENABLED,"asin=""B0CNQT5FRQ""",0.0,0,20.0,0,0,0.26,0,Water Product Target,205703272465105,100.0,0.0,,0,51115655977058,EUR,0.0,0,0,201134312122303,0.0,0.0,271092907946393,0,0.26,"asin=""B0CNQT5FRQ""",0,0,0.26,0,DAILY_BUDGET,TARGETING_EXPRESSION,0,0,0.26,0.0,,0.0,1,0,0,0,1,Books PRODUCT TARGET (D)
2025-12-31,0.0,0.0,0,TARGETING_EXPRESSION_PREDEFINED,0.0,0,0.0,0.0,0.0,b0cq4dlps5,0,ENABLED,complements,0.0,0,10.0,0,0,0.13,0,Rotary cutters AUTO,145719612249034,11.11111111111111,0.0,,0,182821919138925,EUR,0.0,0,0,219547178026729,0.0,0.0,82028106265256,0,0.11,complements,0,0,0.13,0,DAILY_BUDGET,TARGETING_EXPRESSION_PREDEFINED,0,0,0.13,0.0,,0.0,9,0,0,0,1,Rotary Cutters AUTO
2025-12-31,0.0,0.0,0,TARGETING_EXPRESSION_PREDEFINED,0.0,0,0.0,0.0,0.0,b0crdzfg65,0,ENABLED,substitutes,0.0,0,15.0,0,0,0.19,0,Paint AUTO WATER,513749172344724,100.0,0.0,,0,279725684982601,EUR,0.0,0,0,255535276069269,0.0,0.0,392758841230860,0,0.16,substitutes,0,0,0.19,0,DAILY_BUDGET,TARGETING_EXPRESSION_PREDEFINED,0,0,0.19,0.0,,0.0,1,0,0,0,1,Paint AUTO WATER
2025-12-31,0.0,0.0,0,TARGETING_EXPRESSION,0.0,0,0.0,0.0,0.0,b0crdzfg65,0,ENABLED,"asin=""B0CRDZFG65""",0.0,0,20.0,0,0,0.36,0,Water Product Target,205703272465105,1.8518518518518516,0.0,,0,51115655977058,EUR,0.0,0,0,157450683778147,0.0,0.0,271092907946393,0,0.26,"asin=""B0CRDZFG65""",0,0,0.36,0,DAILY_BUDGET,TARGETING_EXPRESSION,0,0,0.36,0.0,,0.0,54,0,0,0,1,Books PRODUCT TARGET (D)
2025-12-31,0.0,,0,TARGETING_EXPRESSION_PREDEFINED,0.0,0,0.0,0.0,0.0,b0cwgrdkm9,0,ENABLED,substitutes,0.0,0,15.0,0,0,0.0,0,Paint AUTO WATER,513749172344724,50.0,0.0,,0,279725684982601,EUR,,0,0,255535276069269,0.0,0.0,392758841230860,0,0.16,substitutes,0,0,0.0,0,DAILY_BUDGET,TARGETING_EXPRESSION_PREDEFINED,0,0,0.0,0.0,,0.0,2,0,0,0,1,Paint AUTO WATER
2025-12-31,0.0,0.0,0,TARGETING_EXPRESSION,0.0,0,0.0,0.0,0.0,b0d2k7r7jx,0,ENABLED,"asin=""B0D2K7R7JX""",0.0,0,10.0,0,0,0.26,0,Cutting Mat Defensive to Mat,519626108845333,10.0,0.0,,0,16100521868081,EUR,0.0,0,0,272400976672839,0.0,0.0,438398213824765,0,0.26,"asin=""B0D2K7R7JX""",0,0,0.26,0,DAILY_BUDGET,TARGETING_EXPRESSION,0,0,0.26,0.0,,0.0,10,0,0,0,1,SP-PT Cutting Mat Defensive to Mat
2025-12-31,0.0,0.0,0,TARGETING_EXPRESSION,0.0,0,0.0,0.0,0.0,b0d2y65xmw,0,ENABLED,"asin=""B0D2Y65XMW""",0.0,0,25.0,0,0,0.38,0,Stretched Canvas to Stretched Canvas PT,467493384500803,100.0,0.0,,0,49215886513051,EUR,0.0,0,0,76374508614863,0.0,0.0,452128518199483,0,0.31,"asin=""B0D2Y65XMW""",0,0,0.38,0,DAILY_BUDGET,TARGETING_EXPRESSION,0,0,0.38,0.0,,0.0,1,0,0,0,1,Stretched Canvas PRODUCT TARGET
2025-12-31,0.0,0.0,0,TARGETING_EXPRESSION_PREDEFINED,0.0,0,0.0,0.0,0.0,b0d6yl2jb9,0,ENABLED,substitutes,0.0,0,30.0,0,0,0.26,0,Cutting Mat A2,526952763171810,25.0,0.0,,0,85977174074563,EUR,0.0,0,0,145376871646292,0.0,0.0,474413604686088,0,0.26,substitutes,0,0,0.26,0,DAILY_BUDGET,TARGETING_EXPRESSION_PREDEFINED,0,0,0.26,0.0,,0.0,4,0,0,0,1,SP Cutting Mat AUTO DETAIL
2025-12-31,0.0,0.0,0,TARGETING_EXPRESSION,0.0,0,0.0,0.0,0.0,b0d7pxs5km,0,ENABLED,"category=""4354977031""",0.0,0,25.0,0,0,0.31,0,Canvas Panel CAT 15x20,348068142159599,100.0,0.0,,0,82897394850015,EUR,0.0,0,0,242412297689615,0.0,0.0,512104300120784,0,0.28,"category=""Pannelli in tela per hobby creativi""",0,0,0.31,0,DAILY_BUDGET,TARGETING_EXPRESSION,0,0,0.31,0.0,,0.0,1,0,0,0,1,Canvas Panel CAT Detail
2025-12-31,0.0,0.0,0,TARGETING_EXPRESSION,0.0,0,0.0,0.0,0.0,b0dm9g7cqd,0,ENABLED,"category=""4354974031""",0.0,0,10.0,0,0,0.51,0,280 Stretched Canvas CAT ALL,405521623659723,1.7543859649122806,0.0,,0,49215886513051,EUR,0.0,0,0,102633746040651,0.0,0.0,501468191787623,0,0.51,"category=""Tele per hobby creativi""",0,0,1.01,0,DAILY_BUDGET,TARGETING_EXPRESSION,0,0,1.01,0.0,,0.0,114,0,0,0,2,SP 280 Stretched Canvas CAT ALL
2025-12-31,0.0,0.0,0,TARGETING_EXPRESSION_PREDEFINED,0.0,0,0.0,0.0,0.0,b0f4dkbwd5,0,ENABLED,complements,0.0,0,10.0,0,0,0.43,0,SP AUTO HOG Bright Paint Brush,534630692585774,25.0,0.0,,0,143372869517047,EUR,0.0,0,0,150273541596086,0.0,0.0,509248295374632,0,0.38,complements,0,0,0.43,0,DAILY_BUDGET,TARGETING_EXPRESSION_PREDEFINED,0,0,0.43,0.0,,0.0,4,0,0,0,1,SP AUTO HOG Bright Paint Brush
2025-12-31,0.0,0.0,0,TARGETING_EXPRESSION_PREDEFINED,0.0,0,0.0,0.0,0.0,b0fqbxlbgq,0,ENABLED,complements,0.0,0,15.0,0,0,0.24,0,Sketch AUTO,28798536341341,50.0,0.0,,0,51115655977058,EUR,0.0,0,0,52290348942275,0.0,0.0,8162895781831,0,0.26,complements,0,0,0.24,0,DAILY_BUDGET,TARGETING_EXPRESSION_PREDEFINED,0,0,0.24,0.0,,0.0,2,0,0,0,1,Books AUTO
2025-12-31,0.0,0.0,0,BROAD,0.0,0,0.0,0.0,0.0,base di taglio autorigenerante,0,ENABLED,base da taglio,0.0,0,75.0,0,0,0.46,0,Cutting Mat MANUAL ALL,199774680368818,12.5,0.0,,0,85977174074563,EUR,0.0,0,0,4446279879360,0.0,0.0,174430976685103,0,0.31,base da taglio,0,0,0.46,0,DAILY_BUDGET,BROAD,0,0,0.46,0.0,,0.0,8,0,0,0,1,SP Cutting Mat MANUAL
2025-12-31,0.0,0.0,0,BROAD,0.0,0,0.0,0.0,0.0,base di taglio autorigenerante 90x60,0,ENABLED,base da taglio 90x60,0.0,0,75.0,0,0,0.87,0,Cutting Mat A1 90x60,199774680368818,5.263157894736842,0.0,,0,85977174074563,EUR,0.0,0,0,172996015371998,0.0,0.0,307862072450492,0,0.51,base da taglio 90x60,0,0,0.87,0,DAILY_BUDGET,BROAD,0,0,0.87,0.0,,0.0,19,0,0,0,1,SP Cutting Mat MANUAL
2025-12-31,0.0,0.0,0,TARGETING_EXPRESSION,0.0,0,0.0,0.0,0.0,blocco per acquarelli,0,ENABLED,"asin=""B07XY4Y1Q8""",0.0,0,20.0,0,0,0.36,0,Water Product Target,205703272465105,100.0,0.0,,0,51115655977058,EUR,0.0,0,0,157856309425873,0.0,0.0,271092907946393,0,0.26,"asin=""B07XY4Y1Q8""",0,0,0.36,0,DAILY_BUDGET,TARGETING_EXPRESSION,0,0,0.36,0.0,,0.0,1,0,0,0,1,Books PRODUCT TARGET (D)
2025-12-31,0.0,0.0,0,TARGETING_EXPRESSION_PREDEFINED,0.0,0,0.0,0.0,0.0,canvas,0,ENABLED,close-match,0.0,0,30.0,0,0,0.35,0,Stretched Canvas AUTO ALL,322603208588387,6.666666666666667,0.0,,0,49215886513051,EUR,0.0,0,0,9853124101240,0.0,0.0,469269469532754,0,0.41,close-match,0,0,0.35,0,DAILY_BUDGET,TARGETING_EXPRESSION_PREDEFINED,0,0,0.35,0.0,,0.0,15,0,0,0,1,Stretched Canvas AUTO ALL
2025-12-31,0.0,0.0,0,BROAD,0.0,0,0.0,0.0,0.0,canvas 2m x 1m,0,ENABLED,canvas,0.0,0,25.0,0,0,0.45,0,Stretched Canvas MANUAL ALL,495156814330433,100.0,0.0,,0,49215886513051,EUR,0.0,0,0,217361581544519,0.0,0.0,414901814325353,0,0.38,canvas,0,0,0.45,0,DAILY_BUDGET,BROAD,0,0,0.45,0.0,,0.0,1,0,0,0,1,Stretched Canvas MANUAL ALL
2025-12-31,0.0,0.0,0,PHRASE,0.0,0,0.0,0.0,0.0,canvas 50x60,0,ENABLED,canvas 50x60,0.0,0,30.0,0,0,0.54,0,Stretched Canvas MANUAL 50x60,319100711682791,33.33333333333333,0.0,,0,49215886513051,EUR,0.0,0,0,48654874699891,0.0,0.0,383034268243907,0,0.71,canvas 50x60,0,0,0.54,0,DAILY_BUDGET,PHRASE,0,0,0.54,0.0,,0.0,3,0,0,0,1,Stretched Canvas MANUAL Detail
2025-12-31,0.0,0.0,0,PHRASE,0.0,0,0.0,0.0,0.0,canvas grande,0,ENABLED,canvas grande,0.0,0,30.0,0,0,0.55,0,Stretched Canvas MANUAL LARGE,319100711682791,100.0,0.0,,0,49215886513051,EUR,0.0,0,0,227065584802547,0.0,0.0,397613919348956,0,0.51,canvas grande,0,0,0.55,0,DAILY_BUDGET,PHRASE,0,0,0.55,0.0,,0.0,1,0,0,0,1,Stretched Canvas MANUAL Detail
2025-12-31,0.0,0.0,0,TARGETING_EXPRESSION,0.0,0,0.0,0.0,0.0,carta per acquerello,0,ENABLED,"asin=""B0D1RB6CS5""",0.0,0,20.0,0,0,0.34,0,Water Product Target,205703272465105,25.0,0.0,,0,51115655977058,EUR,0.0,0,0,69923234163561,0.0,0.0,271092907946393,0,0.26,"asin=""B0D1RB6CS5""",0,0,0.34,0,DAILY_BUDGET,TARGETING_EXPRESSION,0,0,0.34,0.0,,0.0,4,0,0,0,1,Books PRODUCT TARGET (D)
2025-12-31,0.0,0.0,0,EXACT,0.0,0,0.0,0.0,0.0,cartone telato 40x60,0,ENABLED,cartone telato 40x60,0.0,0,25.0,0,0,0.61,0,Canvas Panel MANUAL 40x60,452761332739331,11.11111111111111,0.0,,0,82897394850015,EUR,0.0,0,0,138733424832178,0.0,0.0,501582970908634,0,0.61,cartone telato 40x60,0,0,0.61,0,DAILY_BUDGET,EXACT,0,0,0.61,0.0,,0.0,9,0,0,0,1,Canvas Panel MANUAL Detail
2025-12-31,32.75,81.875,1,BROAD,32.75,0,32.75,0.0,32.75,cartoni telati per dipingere,1,ENABLED,cartone telato,0.0,1,25.0,1,1,0.2,1,Canvas Panel MANUAL ALL,382988945579994,66.66666666666666,50.0,1.2213740458015268,1,82897394850015,EUR,81.875,1,1,233265143239986,32.75,32.75,338823475575236,0,0.38,cartone telato,1,0,0.4,1,DAILY_BUDGET,BROAD,1,1,0.4,32.75,1.2213740458015268,32.75,3,1,1,1,2,Canvas Panel MANUAL ALL
2025-12-31,0.0,0.0,0,BROAD,0.0,0,0.0,0.0,0.0,cerchi di legno 30 cm diametro,0,ENABLED,legno 30 cm,0.0,0,100.0,0,0,0.67,0,Slices MANUAL 31,27315681152223,12.5,0.0,,0,22396319718596,EUR,0.0,0,0,255234909352432,0.0,0.0,396007749182044,0,0.31,legno 30 cm,0,0,0.67,0,DAILY_BUDGET,BROAD,0,0,0.67,0.0,,0.0,8,0,0,0,1,Slices MANUAL
2025-12-31,0.0,0.0,0,BROAD,0.0,0,0.0,0.0,0.0,colori a tempera professionali,0,ENABLED,colori professionali,0.0,0,25.0,0,0,0.34,0,Paint MANUAL ALL,447250879119603,33.33333333333333,0.0,,0,279725684982601,EUR,0.0,0,0,257763290146583,0.0,0.0,560840479586284,0,0.21,colori professionali,0,0,0.34,0,DAILY_BUDGET,BROAD,0,0,0.34,0.0,,0.0,3,0,0,0,1,Paint MANUAL ALL
2025-12-31,0.0,0.0,0,BROAD,0.0,0,0.0,0.0,0.0,colori acquerello winsor newton tubetti,0,ENABLED,tubetti colori acquerello,0.0,0,10.0,0,0,0.38,0,Paint MANUAL WATER,534516355453981,100.0,0.0,,0,279725684982601,EUR,0.0,0,0,204611472456322,0.0,0.0,372235335652539,0,0.31,tubetti colori acquerello,0,0,0.38,0,DAILY_BUDGET,BROAD,0,0,0.38,0.0,,0.0,1,0,0,0,1,Paint MANUAL WATER
2025-12-31,0.0,0.0,0,PHRASE,0.0,0,0.0,0.0,0.0,confezione di acquerelli da 12,0,ENABLED,acquerelli,0.0,0,10.0,0,0,0.21,0,Paint MANUAL WATER,534516355453981,100.0,0.0,,0,279725684982601,EUR,0.0,0,0,6435597958058,0.0,0.0,372235335652539,0,0.26,acquerelli,0,0,0.21,0,DAILY_BUDGET,PHRASE,0,0,0.21,0.0,,0.0,1,0,0,0,1,Paint MANUAL WATER
2025-12-31,0.0,0.0,0,TARGETING_EXPRESSION,0.0,0,0.0,0.0,0.0,cutter patchwork,0,ENABLED,"asin=""B0012FHV8G""",0.0,0,10.0,0,0,0.65,0,Rotary Cutter Product Target,13026469062635,100.0,0.0,,0,182821919138925,EUR,0.0,0,0,40683857545195,0.0,0.0,18738954026722,0,0.23,"asin=""B0012FHV8G""",0,0,0.65,0,DAILY_BUDGET,TARGETING_EXPRESSION,0,0,0.65,0.0,,0.0,1,0,0,0,1,Rotary Cutter Product Target
2025-12-31,0.0,0.0,0,EXACT,0.0,0,0.0,0.0,0.0,cutter per tessuti,0,ENABLED,cutter tessuti,0.0,0,10.0,0,0,0.38,0,Rotary Cutter - Manual - Exact - JA,560667346267261,2.857142857142857,0.0,,0,182821919138925,EUR,0.0,0,0,136638857752941,0.0,0.0,483750563085163,0,0.21,cutter tessuti,0,0,0.38,0,DAILY_BUDGET,EXACT,0,0,0.38,0.0,,0.0,35,0,0,0,1,Rotary Cutter - Manual - Exact - JA (keep running till regular MANUAL gets more clicks)
2025-12-31,0.0,0.0,0,BROAD,0.0,0,0.0,0.0,0.0,cutting board mat,0,ENABLED,cutting mat,0.0,0,75.0,0,0,0.15,0,Cutting Mat MANUAL ALL,199774680368818,25.0,0.0,,0,85977174074563,EUR,0.0,0,0,89958930232769,0.0,0.0,174430976685103,0,0.33,cutting mat,0,0,0.15,0,DAILY_BUDGET,BROAD,0,0,0.15,0.0,,0.0,4,0,0,0,1,SP Cutting Mat MANUAL
2025-12-31,0.0,0.0,0,TARGETING_EXPRESSION,0.0,0,0.0,0.0,0.0,cutting mat,0,ENABLED,"category=""4290241031""",0.0,0,15.0,0,0,0.42,0,Cutting Mat CAT ALL,266820316933187,5.88235294117647,0.0,,0,85977174074563,EUR,0.0,0,0,85093910200041,0.0,0.0,29718609768123,0,0.26,"category=""Tappetini per taglio""",0,0,0.42,0,DAILY_BUDGET,TARGETING_EXPRESSION,0,0,0.42,0.0,,0.0,17,0,0,0,1,SP Cutting Mat CAT ALL (UD)
2025-12-31,0.0,57.51851851851851,1,TARGETING_EXPRESSION_PREDEFINED,0.0,1,15.53,15.53,0.0,cutting mat,0,ENABLED,close-match,15.53,0,30.0,1,0,0.27,1,Cutting Mat A0,526952763171810,33.33333333333333,100.0,1.738570508692853,1,85977174074563,EUR,57.51851851851851,0,1,113175164518086,0.0,15.53,531400342242307,0,0.33,close-match,0,1,0.27,0,DAILY_BUDGET,TARGETING_EXPRESSION_PREDEFINED,1,0,0.27,15.53,1.738570508692853,15.53,3,0,1,1,1,SP Cutting Mat AUTO DETAIL
2025-12-31,0.0,0.0,0,BROAD,0.0,0,0.0,0.0,0.0,cutting mat,0,ENABLED,tappetini taglio piccolo,0.0,0,75.0,0,0,0.26,0,Cutting Mat Small,199774680368818,25.0,0.0,,0,85977174074563,EUR,0.0,0,0,179455051500168,0.0,0.0,309849309309133,0,0.26,tappetini taglio piccolo,0,0,0.26,0,DAILY_BUDGET,BROAD,0,0,0.26,0.0,,0.0,4,0,0,0,1,SP Cutting Mat MANUAL
2025-12-31,0.0,0.0,0,BROAD,0.0,0,0.0,0.0,0.0,cutting mat a2 black,0,ENABLED,cutting mat a2,0.0,0,75.0,0,0,0.49,0,Cutting Mat A2,199774680368818,33.33333333333333,0.0,,0,85977174074563,EUR,0.0,0,0,227177048084430,0.0,0.0,255039515216836,0,0.46,cutting mat a2,0,0,0.49,0,DAILY_BUDGET,BROAD,0,0,0.49,0.0,,0.0,3,0,0,0,1,SP Cutting Mat MANUAL
2025-12-31,0.0,0.0,0,BROAD,0.0,0,0.0,0.0,0.0,cutting mat a3,0,ENABLED,cutting mat a3,0.0,0,75.0,0,0,0.38,0,Cutting Mat A3,199774680368818,2.857142857142857,0.0,,0,85977174074563,EUR,0.0,0,0,192306581854154,0.0,0.0,231251676653794,0,0.38,cutting mat a3,0,0,0.38,0,DAILY_BUDGET,BROAD,0,0,0.38,0.0,,0.0,35,0,0,0,1,SP Cutting Mat MANUAL
2025-12-31,0.0,0.0,0,PHRASE,0.0,0,0.0,0.0,0.0,cutting mat a3,0,ENABLED,cutting mat a3,0.0,0,75.0,0,0,0.38,0,Cutting Mat A3,199774680368818,4.761904761904762,0.0,,0,85977174074563,EUR,0.0,0,0,60455348740567,0.0,0.0,231251676653794,0,0.38,cutting mat a3,0,0,0.38,0,DAILY_BUDGET,PHRASE,0,0,0.38,0.0,,0.0,21,0,0,0,1,SP Cutting Mat MANUAL
2025-12-31,0.0,0.0,0,EXACT,0.0,0,0.0,0.0,0.0,cutting mat a3,0,ENABLED,cutting mat a3,0.0,0,75.0,0,0,0.38,0,Cutting Mat A3,199774680368818,5.263157894736842,0.0,,0,85977174074563,EUR,0.0,0,0,155980006367697,0.0,0.0,231251676653794,0,0.38,cutting mat a3,0,0,0.38,0,DAILY_BUDGET,EXACT,0,0,0.38,0.0,,0.0,19,0,0,0,1,SP Cutting Mat MANUAL
2025-12-31,0.0,40.868421052631575,0,BROAD,15.53,0,15.53,0.0,15.53,cutting mat a3,0,ENABLED,tappeto antitaglio a3,0.0,1,75.0,1,1,0.38,1,Cutting Mat A3,199774680368818,7.142857142857142,100.0,2.4468770122343853,1,85977174074563,EUR,40.868421052631575,1,1,266682283783383,15.53,0.0,231251676653794,0,0.38,tappeto antitaglio a3,1,0,0.38,0,DAILY_BUDGET,BROAD,0,1,0.38,15.53,2.4468770122343853,15.53,14,1,1,1,1,SP Cutting Mat MANUAL
2025-12-31,0.0,0.0,0,BROAD,0.0,0,0.0,0.0,0.0,cutting mat mousepad,0,ENABLED,cutting mat,0.0,0,75.0,0,0,0.41,0,Cutting Mat MANUAL ALL,199774680368818,7.6923076923076925,0.0,,0,85977174074563,EUR,0.0,0,0,89958930232769,0.0,0.0,174430976685103,0,0.33,cutting mat,0,0,0.41,0,DAILY_BUDGET,BROAD,0,0,0.41,0.0,,0.0,13,0,0,0,1,SP Cutting Mat MANUAL
2025-12-31,0.0,0.0,0,TARGETING_EXPRESSION_PREDEFINED,0.0,0,0.0,0.0,0.0,cutting pad,0,ENABLED,close-match,0.0,0,20.0,0,0,0.45,0,Cutting Mat AUTO A4,52963754880959,33.33333333333333,0.0,,0,85977174074563,EUR,0.0,0,0,63228021050788,0.0,0.0,55817456653168,0,0.26,close-match,0,0,0.45,0,DAILY_BUDGET,TARGETING_EXPRESSION_PREDEFINED,0,0,0.45,0.0,,0.0,3,0,0,0,1,SP Cutting Mat AUTO ALL
2025-12-31,0.0,0.0,0,PHRASE,0.0,0,0.0,0.0,0.0,dischi legno 15 cm,0,ENABLED,legno 15 cm,0.0,0,100.0,0,0,0.4,0,Slices MANUAL 16,27315681152223,33.33333333333333,0.0,,0,22396319718596,EUR,0.0,0,0,263786926431262,0.0,0.0,337406372017190,0,0.43,legno 15 cm,0,0,0.4,0,DAILY_BUDGET,PHRASE,0,0,0.4,0.0,,0.0,3,0,0,0,1,Slices MANUAL
2025-12-31,0.0,68.23333333333333,0,BROAD,40.94,0,40.94,0.0,40.94,disco in legno 25 cm,0,ENABLED,disco di legno 25 cm,0.0,1,100.0,1,1,0.6,1,Slices MANUAL 27,27315681152223,50.0,100.0,1.4655593551538837,1,22396319718596,EUR,68.23333333333333,1,1,133626549651594,40.94,0.0,364983197962620,0,0.56,disco di legno 25 cm,1,0,0.6,0,DAILY_BUDGET,BROAD,0,1,0.6,40.94,1.4655593551538837,40.94,2,1,1,1,1,Slices MANUAL
2025-12-31,0.0,37.75,0,TARGETING_EXPRESSION_PREDEFINED,19.63,0,19.63,0.0,19.63,elan pennelli 24,0,ENABLED,close-match,0.0,1,15.0,1,1,0.52,1,SP AUTO HOG Paint Brush Set 24PC,480248469974419,100.0,100.0,2.6490066225165565,1,143372869517047,EUR,37.75,1,1,62681123633318,19.63,0.0,352164082584661,0,0.56,close-match,1,0,0.52,0,DAILY_BUDGET,TARGETING_EXPRESSION_PREDEFINED,0,1,0.52,19.63,2.6490066225165565,19.63,1,1,1,1,1,SP AUTO HOG Paint Brush Set 24PC
2025-12-31,0.0,0.0,0,BROAD,0.0,0,0.0,0.0,0.0,elan tappetino da taglio nero a2,0,ENABLED,tappetino da taglio a2,0.0,0,75.0,0,0,0.55,0,Cutting Mat A2,199774680368818,25.0,0.0,,0,85977174074563,EUR,0.0,0,0,121450921551585,0.0,0.0,255039515216836,0,0.46,tappetino da taglio a2,0,0,0.55,0,DAILY_BUDGET,BROAD,0,0,0.55,0.0,,0.0,4,0,0,0,1,SP Cutting Mat MANUAL
2025-12-31,0.0,0.0,0,PHRASE,0.0,0,0.0,0.0,0.0,foglie in legno per decorazioni,0,ENABLED,legno per decorazioni,0.0,0,100.0,0,0,0.25,0,Slices MANUAL,27315681152223,25.0,0.0,,0,22396319718596,EUR,0.0,0,0,3832120775440,0.0,0.0,215589756413119,0,0.18,legno per decorazioni,0,0,0.5,0,DAILY_BUDGET,PHRASE,0,0,0.5,0.0,,0.0,8,0,0,0,2,Slices MANUAL
2025-12-31,0.0,0.0,0,BROAD,0.0,0,0.0,0.0,0.0,libro acquerello,0,ENABLED,acquerello,0.0,0,20.0,0,0,0.24,0,Water MANUAL,144719711848390,33.33333333333333,0.0,,0,51115655977058,EUR,0.0,0,0,48339896413928,0.0,0.0,215111353509927,0,0.21,acquerello,0,0,0.24,0,DAILY_BUDGET,BROAD,0,0,0.24,0.0,,0.0,3,0,0,0,1,Books MANUAL
2025-12-31,0.0,0.0,0,BROAD,0.0,0,0.0,0.0,0.0,libro per imparare acquerello adulti,0,ENABLED,acquerello,0.0,0,20.0,0,0,0.27,0,Water MANUAL,144719711848390,100.0,0.0,,0,51115655977058,EUR,0.0,0,0,48339896413928,0.0,0.0,215111353509927,0,0.21,acquerello,0,0,0.27,0,DAILY_BUDGET,BROAD,0,0,0.27,0.0,,0.0,1,0,0,0,1,Books MANUAL
2025-12-31,0.0,0.0,0,BROAD,0.0,0,0.0,0.0,0.0,lingua di gatto pennelli,0,ENABLED,pennello a lingua di gatto,0.0,0,10.0,0,0,0.22,0,SP Manual Keywords NYL Filbert Paint Brush,390278965398995,100.0,0.0,,0,143372869517047,EUR,0.0,0,0,54765609841379,0.0,0.0,379746499123402,0,0.51,pennello a lingua di gatto,0,0,0.22,0,DAILY_BUDGET,BROAD,0,0,0.22,0.0,,0.0,1,0,0,0,1,SP Manual Keywords NYL Filbert Paint Brush
2025-12-31,8.98,35.92,1,TARGETING_EXPRESSION_PREDEFINED,8.98,0,8.98,0.0,8.98,mat per taglio,1,ENABLED,close-match,0.0,1,20.0,1,1,0.25,1,Cutting Mat AUTO A4,52963754880959,25.0,100.0,2.7839643652561246,1,85977174074563,EUR,35.92,1,1,63228021050788,8.98,8.98,55817456653168,0,0.26,close-match,1,0,0.25,1,DAILY_BUDGET,TARGETING_EXPRESSION_PREDEFINED,1,1,0.25,8.98,2.7839643652561246,8.98,4,1,1,1,1,SP Cutting Mat AUTO ALL
2025-12-31,0.0,0.0,0,BROAD,0.0,0,0.0,0.0,0.0,miuzei tappetino da taglio a3,0,ENABLED,tappetino per taglio a3,0.0,0,75.0,0,0,0.38,0,Cutting Mat A3,199774680368818,11.11111111111111,0.0,,0,85977174074563,EUR,0.0,0,0,271320026979280,0.0,0.0,231251676653794,0,0.38,tappetino per taglio a3,0,0,0.38,0,DAILY_BUDGET,BROAD,0,0,0.38,0.0,,0.0,9,0,0,0,1,SP Cutting Mat MANUAL
2025-12-31,0.0,0.0,0,TARGETING_EXPRESSION_PREDEFINED,0.0,0,0.0,0.0,0.0,offerta acquarelli,0,ENABLED,loose-match,0.0,0,15.0,0,0,0.29,0,Paint AUTO WATER,513749172344724,100.0,0.0,,0,279725684982601,EUR,0.0,0,0,164989747311077,0.0,0.0,392758841230860,0,0.23,loose-match,0,0,0.59,0,DAILY_BUDGET,TARGETING_EXPRESSION_PREDEFINED,0,0,0.59,0.0,,0.0,2,0,0,0,2,Paint AUTO WATER
2025-12-31,0.0,0.0,0,TARGETING_EXPRESSION_PREDEFINED,0.0,0,0.0,0.0,0.0,pannello per tavoli lavoro,0,ENABLED,loose-match,0.0,0,20.0,0,0,0.17,0,Cutting Mat AUTO A4,52963754880959,100.0,0.0,,0,85977174074563,EUR,0.0,0,0,99984969358426,0.0,0.0,55817456653168,0,0.23,loose-match,0,0,0.17,0,DAILY_BUDGET,TARGETING_EXPRESSION_PREDEFINED,0,0,0.17,0.0,,0.0,1,0,0,0,1,SP Cutting Mat AUTO ALL
2025-12-31,0.0,0.0,0,EXACT,0.0,0,0.0,0.0,0.0,pennelli,0,ENABLED,pennello,0.0,0,20.0,0,0,0.64,0,SP Manual General Keywords Paint Brush - 12 SETS + 24 NYLON,382193361476478,1.7543859649122806,0.0,,0,143372869517047,EUR,0.0,0,0,228941774910304,0.0,0.0,331165315287998,0,0.51,pennello,0,0,0.64,0,DAILY_BUDGET,EXACT,0,0,0.64,0.0,,0.0,57,0,0,0,1,SP Manual General Keywords ALL Paint Brush
2025-12-31,0.0,0.0,0,TARGETING_EXPRESSION_PREDEFINED,0.0,0,0.0,0.0,0.0,pennelli a lingua di gatto,0,ENABLED,close-match,0.0,0,15.0,0,0,0.4,0,SP AUTO SAB Paint Brush Set 12PC,336284678032265,33.33333333333333,0.0,,0,143372869517047,EUR,0.0,0,0,251627619554148,0.0,0.0,497412256362066,0,0.51,close-match,0,0,0.4,0,DAILY_BUDGET,TARGETING_EXPRESSION_PREDEFINED,0,0,0.4,0.0,,0.0,3,0,0,0,1,SP AUTO SAB Paint Brush Set 12PC
2025-12-31,0.0,0.0,0,BROAD,0.0,0,0.0,0.0,0.0,pennelli a lingua di gatto con setole dure,0,ENABLED,pennello,0.0,0,20.0,0,0,0.19,0,SP Manual General Keywords Paint Brush - SHAPES,382193361476478,50.0,0.0,,0,143372869517047,EUR,0.0,0,0,205645265703435,0.0,0.0,284169521694618,0,0.38,pennello,0,0,0.19,0,DAILY_BUDGET,BROAD,0,0,0.19,0.0,,0.0,2,0,0,0,1,SP Manual General Keywords ALL Paint Brush
2025-12-31,0.0,0.0,0,BROAD,0.0,0,0.0,0.0,0.0,pennelli a lingua di gatto con setole dure,0,ENABLED,pennello a lingua di gatto,0.0,0,10.0,0,0,0.36,0,SP Manual Keywords NYL Filbert Paint Brush,390278965398995,25.0,0.0,,0,143372869517047,EUR,0.0,0,0,54765609841379,0.0,0.0,379746499123402,0,0.51,pennello a lingua di gatto,0,0,0.36,0,DAILY_BUDGET,BROAD,0,0,0.36,0.0,,0.0,4,0,0,0,1,SP Manual Keywords NYL Filbert Paint Brush
2025-12-31,0.0,0.0,0,BROAD,0.0,0,0.0,0.0,0.0,pennelli a ventaglio per dipingere,0,ENABLED,pennello a ventaglio,0.0,0,10.0,0,0,0.56,0,SP Manual Keywords HOG Fan Paint Brush,382525307199119,20.0,0.0,,0,143372869517047,EUR,0.0,0,0,191563866871768,0.0,0.0,438279227249204,0,0.51,pennello a ventaglio,0,0,0.56,0,DAILY_BUDGET,BROAD,0,0,0.56,0.0,,0.0,5,0,0,0,1,SP Manual Keywords HOG Fan Paint Brush
2025-12-31,0.0,0.0,0,BROAD,0.0,0,0.0,0.0,0.0,pennelli a ventaglio pittura ad olio,0,ENABLED,pennello da pittura ventaglio per olio,0.0,0,10.0,0,0,0.56,0,SP Manual Keywords HOG Fan Paint Brush,382525307199119,25.0,0.0,,0,143372869517047,EUR,0.0,0,0,180479753296353,0.0,0.0,438279227249204,0,0.51,pennello da pittura ventaglio per olio,0,0,0.56,0,DAILY_BUDGET,BROAD,0,0,0.56,0.0,,0.0,4,0,0,0,1,SP Manual Keywords HOG Fan Paint Brush
2025-12-31,0.0,0.0,0,TARGETING_EXPRESSION_PREDEFINED,0.0,0,0.0,0.0,0.0,pennelli belli,0,ENABLED,loose-match,0.0,0,10.0,0,0,0.34,0,SP AUTO HOG Flat Paint Brush,415727040830904,100.0,0.0,,0,143372869517047,EUR,0.0,0,0,41347658268008,0.0,0.0,447965267062274,0,0.38,loose-match,0,0,0.34,0,DAILY_BUDGET,TARGETING_EXPRESSION_PREDEFINED,0,0,0.34,0.0,,0.0,1,0,0,0,1,SP AUTO HOG Flat Paint Brush
2025-12-31,0.0,0.0,0,TARGETING_EXPRESSION,0.0,0,0.0,0.0,0.0,pennelli da tempera,0,ENABLED,"category=""4355242031""",0.0,0,10.0,0,0,0.43,0,SP CAT HOG Bright Paint Brush,380269659496803,100.0,0.0,,0,143372869517047,EUR,0.0,0,0,7965354923304,0.0,0.0,407124299417569,0,0.41,"category=""Set di pennelli da pittura""",0,0,0.43,0,DAILY_BUDGET,TARGETING_EXPRESSION,0,0,0.43,0.0,,0.0,1,0,0,0,1,SP CAT HOG Bright Paint Brush
2025-12-31,0.0,0.0,0,BROAD,0.0,0,0.0,0.0,0.0,pennelli giotto punta tonda,0,ENABLED,pennello a punta tonda,0.0,0,10.0,0,0,0.16,0,SP Manual Keywords HOG Round Paint Brush,328815916324505,100.0,0.0,,0,143372869517047,EUR,0.0,0,0,120049798725891,0.0,0.0,452142127423219,0,0.51,pennello a punta tonda,0,0,0.16,0,DAILY_BUDGET,BROAD,0,0,0.16,0.0,,0.0,1,0,0,0,1,SP Manual Keywords HOG Round Paint Brush
2025-12-31,0.0,0.0,0,BROAD,0.0,0,0.0,0.0,0.0,pennelli misura 4 piatti,0,ENABLED,pennelli piatti,0.0,0,10.0,0,0,0.96,0,SP Manual Keywords HOG Flat Paint Brush,510753130843589,100.0,0.0,,0,143372869517047,EUR,0.0,0,0,266857846176807,0.0,0.0,371855159458627,0,0.51,pennelli piatti,0,0,0.96,0,DAILY_BUDGET,BROAD,0,0,0.96,0.0,,0.0,1,0,0,0,1,SP Manual Keywords HOG Flat Paint Brush
2025-12-31,8.8,11.733333333333334,1,BROAD,8.8,0,8.8,0.0,8.8,pennelli misura 4 piatti,1,ENABLED,pennelli piatti,0.0,1,10.0,1,1,0.75,1,SP Manual Keywords NYL Flat Paint Brush,329669663427788,100.0,100.0,8.522727272727272,1,143372869517047,EUR,11.733333333333334,1,1,278026129851434,8.8,8.8,284312682330176,0,0.48,pennelli piatti,1,0,0.75,1,DAILY_BUDGET,BROAD,1,1,0.75,8.8,8.522727272727272,8.8,1,1,1,1,1,SP Manual Keywords NYL Flat Paint Brush
2025-12-31,0.0,0.0,0,BROAD,0.0,0,0.0,0.0,0.0,pennelli per dipingere,0,ENABLED,pennello dipingere,0.0,0,20.0,0,0,0.66,0,SP Manual General Keywords Paint Brush - 12 SETS + 24 NYLON,382193361476478,3.571428571428571,0.0,,0,143372869517047,EUR,0.0,0,0,30462844498247,0.0,0.0,331165315287998,0,0.51,pennello dipingere,0,0,0.66,0,DAILY_BUDGET,BROAD,0,0,0.66,0.0,,0.0,28,0,0,0,1,SP Manual General Keywords ALL Paint Brush
2025-12-31,0.0,0.0,0,BROAD,0.0,0,0.0,0.0,0.0,pennelli per dipingere acrilico,0,ENABLED,pennelli piatti per dipingere,0.0,0,10.0,0,0,0.48,0,SP Manual Keywords NYL Flat Paint Brush,329669663427788,3.0303030303030303,0.0,,0,143372869517047,EUR,0.0,0,0,97157280850991,0.0,0.0,284312682330176,0,0.48,pennelli piatti per dipingere,0,0,0.48,0,DAILY_BUDGET,BROAD,0,0,0.48,0.0,,0.0,33,0,0,0,1,SP Manual Keywords NYL Flat Paint Brush
2025-12-31,0.0,0.0,0,BROAD,0.0,0,0.0,0.0,0.0,pennelli per dipingere piatti,0,ENABLED,pennelli piatti per dipingere,0.0,0,10.0,0,0,0.62,0,SP Manual Keywords NYL Flat Paint Brush,329669663427788,100.0,0.0,,0,143372869517047,EUR,0.0,0,0,97157280850991,0.0,0.0,284312682330176,0,0.48,pennelli piatti per dipingere,0,0,0.62,0,DAILY_BUDGET,BROAD,0,0,0.62,0.0,,0.0,1,0,0,0,1,SP Manual Keywords NYL Flat Paint Brush
2025-12-31,0.0,0.0,0,PHRASE,0.0,0,0.0,0.0,0.0,pennelli per dipingere professionali piccoli,0,ENABLED,pennello dipingere,0.0,0,20.0,0,0,0.41,0,SP Manual General Keywords Paint Brush - SHAPES,382193361476478,50.0,0.0,,0,143372869517047,EUR,0.0,0,0,119044916135137,0.0,0.0,284169521694618,0,0.41,pennello dipingere,0,0,0.41,0,DAILY_BUDGET,PHRASE,0,0,0.41,0.0,,0.0,2,0,0,0,1,SP Manual General Keywords ALL Paint Brush
2025-12-31,0.0,0.0,0,PHRASE,0.0,0,0.0,0.0,0.0,pennelli per pittura a olio,0,ENABLED,pennello pittura a olio,0.0,0,15.0,0,0,0.77,0,SP Manual Keywords HOG Paint Brush Set 24PC,418578588019502,100.0,0.0,,0,143372869517047,EUR,0.0,0,0,29218663358705,0.0,0.0,364702211999810,0,0.66,pennello pittura a olio,0,0,0.77,0,DAILY_BUDGET,PHRASE,0,0,0.77,0.0,,0.0,1,0,0,0,1,SP Manual Keywords HOG Paint Brush Set 24PC
2025-12-31,0.0,0.0,0,BROAD,0.0,0,0.0,0.0,0.0,pennelli piatti 3.0,0,ENABLED,pennelli piatti,0.0,0,10.0,0,0,0.49,0,SP Manual Keywords HOG Flat Paint Brush,510753130843589,20.0,0.0,,0,143372869517047,EUR,0.0,0,0,266857846176807,0.0,0.0,371855159458627,0,0.51,pennelli piatti,0,0,0.49,0,DAILY_BUDGET,BROAD,0,0,0.49,0.0,,0.0,5,0,0,0,1,SP Manual Keywords HOG Flat Paint Brush
2025-12-31,0.0,0.0,0,BROAD,0.0,0,0.0,0.0,0.0,pennelli piatti con setole aperte,0,ENABLED,pennelli piatti,0.0,0,10.0,0,0,0.68,0,SP Manual Keywords HOG Flat Paint Brush,510753130843589,50.0,0.0,,0,143372869517047,EUR,0.0,0,0,266857846176807,0.0,0.0,371855159458627,0,0.51,pennelli piatti,0,0,0.68,0,DAILY_BUDGET,BROAD,0,0,0.68,0.0,,0.0,2,0,0,0,1,SP Manual Keywords HOG Flat Paint Brush
2025-12-31,0.0,0.0,0,BROAD,0.0,0,0.0,0.0,0.0,pennelli pittura ad olio,0,ENABLED,pennello per olio,0.0,0,10.0,0,0,0.56,0,SP Manual Keywords HOG Paint Brush Set 12S,495965875894423,100.0,0.0,,0,143372869517047,EUR,0.0,0,0,231222299415787,0.0,0.0,442727163595989,0,0.56,pennello per olio,0,0,0.56,0,DAILY_BUDGET,BROAD,0,0,0.56,0.0,,0.0,1,0,0,0,1,SP Manual Keywords HOG Paint Brush Set 12S
2025-12-31,0.0,0.0,0,BROAD,0.0,0,0.0,0.0,0.0,pennelli pittura olio,0,ENABLED,pittura,0.0,0,25.0,0,0,0.24,0,Paint MANUAL ALL,447250879119603,25.0,0.0,,0,279725684982601,EUR,0.0,0,0,13453009313691,0.0,0.0,560840479586284,0,0.21,pittura,0,0,0.24,0,DAILY_BUDGET,BROAD,0,0,0.24,0.0,,0.0,4,0,0,0,1,Paint MANUAL ALL
2025-12-31,0.0,0.0,0,BROAD,0.0,0,0.0,0.0,0.0,pennelli professionali setola artificiale a lingua di gatto,0,ENABLED,pennello a lingua di gatto,0.0,0,10.0,0,0,0.2,0,SP Manual Keywords NYL Filbert Paint Brush,390278965398995,33.33333333333333,0.0,,0,143372869517047,EUR,0.0,0,0,54765609841379,0.0,0.0,379746499123402,0,0.51,pennello a lingua di gatto,0,0,0.2,0,DAILY_BUDGET,BROAD,0,0,0.2,0.0,,0.0,3,0,0,0,1,SP Manual Keywords NYL Filbert Paint Brush
2025-12-31,0.0,0.0,0,BROAD,0.0,0,0.0,0.0,0.0,pennelli punta tonda per acrilico,0,ENABLED,pennelli punta tonda,0.0,0,10.0,0,0,0.51,0,SP Manual Keywords NYL Round Paint Brush,512146428790376,33.33333333333333,0.0,,0,143372869517047,EUR,0.0,0,0,75980316536898,0.0,0.0,464108162711369,0,0.51,pennelli punta tonda,0,0,0.51,0,DAILY_BUDGET,BROAD,0,0,0.51,0.0,,0.0,3,0,0,0,1,SP Manual Keywords NYL Round Paint Brush
2025-12-31,0.0,0.0,0,BROAD,0.0,0,0.0,0.0,0.0,pennelli resistenti ai solventi,0,ENABLED,pennello,0.0,0,20.0,0,0,0.38,0,SP Manual General Keywords Paint Brush - SHAPES,382193361476478,50.0,0.0,,0,143372869517047,EUR,0.0,0,0,205645265703435,0.0,0.0,284169521694618,0,0.38,pennello,0,0,0.38,0,DAILY_BUDGET,BROAD,0,0,0.38,0.0,,0.0,2,0,0,0,1,SP Manual General Keywords ALL Paint Brush
2025-12-31,0.0,0.0,0,TARGETING_EXPRESSION_PREDEFINED,0.0,0,0.0,0.0,0.0,pennelli sintetici,0,ENABLED,close-match,0.0,0,15.0,0,0,0.56,0,SP AUTO SAB Paint Brush Set 12PC,336284678032265,100.0,0.0,,0,143372869517047,EUR,0.0,0,0,251627619554148,0.0,0.0,497412256362066,0,0.51,close-match,0,0,0.56,0,DAILY_BUDGET,TARGETING_EXPRESSION_PREDEFINED,0,0,0.56,0.0,,0.0,1,0,0,0,1,SP AUTO SAB Paint Brush Set 12PC
2025-12-31,0.0,0.0,0,EXACT,0.0,0,0.0,0.0,0.0,pennelli tondi,0,ENABLED,pennelli tondi,0.0,0,10.0,0,0,0.42,0,SP Manual Keywords NYL Round Paint Brush,512146428790376,6.666666666666667,0.0,,0,143372869517047,EUR,0.0,0,0,234590543366317,0.0,0.0,464108162711369,0,0.51,pennelli tondi,0,0,0.42,0,DAILY_BUDGET,EXACT,0,0,0.42,0.0,,0.0,15,0,0,0,1,SP Manual Keywords NYL Round Paint Brush
2025-12-31,0.0,0.0,0,BROAD,0.0,0,0.0,0.0,0.0,pennelli tondi tempera,0,ENABLED,pennelli tondi,0.0,0,10.0,0,0,0.25,0,SP Manual Keywords NYL Round Paint Brush,512146428790376,50.0,0.0,,0,143372869517047,EUR,0.0,0,0,115425738339531,0.0,0.0,464108162711369,0,0.43,pennelli tondi,0,0,0.25,0,DAILY_BUDGET,BROAD,0,0,0.25,0.0,,0.0,2,0,0,0,1,SP Manual Keywords NYL Round Paint Brush
2025-12-31,0.0,0.0,0,BROAD,0.0,0,0.0,0.0,0.0,pennello a ventaglio piccolo,0,ENABLED,pennello a ventaglio,0.0,0,10.0,0,0,0.3,0,SP Manual Keywords HOG Fan Paint Brush,382525307199119,25.0,0.0,,0,143372869517047,EUR,0.0,0,0,191563866871768,0.0,0.0,438279227249204,0,0.51,pennello a ventaglio,0,0,0.3,0,DAILY_BUDGET,BROAD,0,0,0.3,0.0,,0.0,4,0,0,0,1,SP Manual Keywords HOG Fan Paint Brush
2025-12-31,0.0,0.0,0,BROAD,0.0,0,0.0,0.0,0.0,pennello piatto 10,0,ENABLED,pennelli piatti,0.0,0,10.0,0,0,0.5,0,SP Manual Keywords HOG Flat Paint Brush,510753130843589,16.666666666666664,0.0,,0,143372869517047,EUR,0.0,0,0,266857846176807,0.0,0.0,371855159458627,0,0.51,pennelli piatti,0,0,0.5,0,DAILY_BUDGET,BROAD,0,0,0.5,0.0,,0.0,6,0,0,0,1,SP Manual Keywords HOG Flat Paint Brush
2025-12-31,0.0,18.708333333333336,0,BROAD,8.98,0,8.98,0.0,8.98,pennello punta tonda,0,ENABLED,pennelli punta tonda,0.0,1,10.0,1,1,0.48,1,SP Manual Keywords NYL Round Paint Brush,512146428790376,6.25,100.0,5.345211581291759,1,143372869517047,EUR,18.708333333333336,1,1,75980316536898,8.98,0.0,464108162711369,0,0.51,pennelli punta tonda,1,0,0.48,0,DAILY_BUDGET,BROAD,0,1,0.48,8.98,5.345211581291759,8.98,16,1,1,1,1,SP Manual Keywords NYL Round Paint Brush
2025-12-31,0.0,0.0,0,BROAD,0.0,0,0.0,0.0,0.0,pennello sintetico 5,0,ENABLED,pennello,0.0,0,20.0,0,0,0.41,0,SP Manual General Keywords Paint Brush - 12 SETS + 24 NYLON,382193361476478,50.0,0.0,,0,143372869517047,EUR,0.0,0,0,14324704924937,0.0,0.0,331165315287998,0,0.43,pennello,0,0,0.41,0,DAILY_BUDGET,BROAD,0,0,0.41,0.0,,0.0,2,0,0,0,1,SP Manual General Keywords ALL Paint Brush
2025-12-31,0.0,0.0,0,BROAD,0.0,0,0.0,0.0,0.0,piano cutter a2,0,ENABLED,piano cutter,0.0,0,75.0,0,0,0.11,0,Cutting Mat MANUAL ALL,199774680368818,14.285714285714285,0.0,,0,85977174074563,EUR,0.0,0,0,215201930639987,0.0,0.0,174430976685103,0,0.33,piano cutter,0,0,0.11,0,DAILY_BUDGET,BROAD,0,0,0.11,0.0,,0.0,7,0,0,0,1,SP Cutting Mat MANUAL
2025-12-31,15.53,53.55172413793104,1,EXACT,15.53,0,15.53,0.0,15.53,piano lavoro modellismo,1,ENABLED,piano di lavoro modellismo,0.0,1,75.0,1,1,0.29,1,Cutting Mat MANUAL ALL,199774680368818,20.0,100.0,1.8673535093367677,1,85977174074563,EUR,53.55172413793104,1,1,20745803851039,15.53,15.53,174430976685103,0,0.36,piano di lavoro modellismo,1,0,0.29,1,DAILY_BUDGET,EXACT,1,1,0.29,15.53,1.8673535093367677,15.53,5,1,1,1,1,SP Cutting Mat MANUAL
2025-12-31,0.0,0.0,0,BROAD,0.0,0,0.0,0.0,0.0,pittura su tela piccolo,0,ENABLED,tela pittura piccola,0.0,0,30.0,0,0,0.55,0,Stretched Canvas MANUAL SMALL,319100711682791,50.0,0.0,,0,49215886513051,EUR,0.0,0,0,65050913683514,0.0,0.0,335458728681975,0,0.36,tela pittura piccola,0,0,0.55,0,DAILY_BUDGET,BROAD,0,0,0.55,0.0,,0.0,2,0,0,0,1,Stretched Canvas MANUAL Detail
2025-12-31,0.0,0.0,0,PHRASE,0.0,0,0.0,0.0,0.0,quadri tela 45 x 45,0,ENABLED,tela,0.0,0,25.0,0,0,0.21,0,Stretched Canvas MANUAL ALL,495156814330433,33.33333333333333,0.0,,0,49215886513051,EUR,0.0,0,0,190025132839545,0.0,0.0,414901814325353,0,0.38,tela,0,0,0.21,0,DAILY_BUDGET,PHRASE,0,0,0.21,0.0,,0.0,3,0,0,0,1,Stretched Canvas MANUAL ALL
2025-12-31,9.31,32.10344827586207,1,BROAD,9.31,0,9.31,0.0,9.31,righello da sarta,1,ENABLED,righello da sarta,0.0,1,20.0,1,1,0.29,1,Lineal MANUAL 30CM,114319221866737,50.0,100.0,3.1149301825993554,1,157991161943684,EUR,32.10344827586207,1,1,212769195797404,9.31,9.31,34099308691982,0,0.18,righello da sarta,1,0,0.29,1,DAILY_BUDGET,BROAD,1,1,0.29,9.31,3.1149301825993554,9.31,2,1,1,1,1,Lineal MANUAL KEYWORDS
2025-12-31,0.0,0.0,0,EXACT,0.0,0,0.0,0.0,0.0,righello patchwork,0,ENABLED,righello per patchwork,0.0,0,20.0,0,0,0.36,0,Lineal MANUAL 60CM,114319221866737,2.857142857142857,0.0,,0,157991161943684,EUR,0.0,0,0,145217206698632,0.0,0.0,123009551092309,0,0.18,righello per patchwork,0,0,0.36,0,DAILY_BUDGET,EXACT,0,0,0.36,0.0,,0.0,35,0,0,0,1,Lineal MANUAL KEYWORDS
2025-12-31,0.0,0.0,0,BROAD,0.0,0,0.0,0.0,0.0,righello per sarti,0,ENABLED,righello per sarta,0.0,0,20.0,0,0,0.28,0,Lineal MANUAL 30CM,114319221866737,100.0,0.0,,0,157991161943684,EUR,0.0,0,0,138598673806841,0.0,0.0,34099308691982,0,0.16,righello per sarta,0,0,0.28,0,DAILY_BUDGET,BROAD,0,0,0.28,0.0,,0.0,1,0,0,0,1,Lineal MANUAL KEYWORDS
2025-12-31,0.0,0.0,0,EXACT,0.0,0,0.0,0.0,0.0,righello sarto,0,ENABLED,righello sarto,0.0,0,20.0,0,0,0.3,0,Lineal MANUAL 30CM,114319221866737,100.0,0.0,,0,157991161943684,EUR,0.0,0,0,17905838368083,0.0,0.0,34099308691982,0,0.21,righello sarto,0,0,0.3,0,DAILY_BUDGET,EXACT,0,0,0.3,0.0,,0.0,1,0,0,0,1,Lineal MANUAL KEYWORDS
2025-12-31,0.0,0.0,0,TARGETING_EXPRESSION_PREDEFINED,0.0,0,0.0,0.0,0.0,rotoli di tela x dipingere,0,ENABLED,loose-match,0.0,0,45.0,0,0,0.47,0,Stretched Canvas AUTO 30x60,365066329383211,100.0,0.0,,0,49215886513051,EUR,0.0,0,0,28948507839783,0.0,0.0,474192388090082,0,0.43,loose-match,0,0,0.47,0,DAILY_BUDGET,TARGETING_EXPRESSION_PREDEFINED,0,0,0.47,0.0,,0.0,1,0,0,0,1,Stretched Canvas AUTO Detail
2025-12-31,0.0,0.0,0,TARGETING_EXPRESSION,0.0,0,0.0,0.0,0.0,rotolo tela per dipingere,0,ENABLED,"category=""4354977031""",0.0,0,45.0,0,0,0.53,0,280 Stretched Canvas Board & Panel,307061927469706,10.0,0.0,,0,49215886513051,EUR,0.0,0,0,199013090607440,0.0,0.0,311609754608522,0,0.51,"category=""Pannelli in tela per hobby creativi""",0,0,0.53,0,DAILY_BUDGET,TARGETING_EXPRESSION,0,0,0.53,0.0,,0.0,10,0,0,0,1,Stretched Canvas CAT Detail
2025-12-31,0.0,0.0,0,BROAD,0.0,0,0.0,0.0,0.0,sadm shiny pennelli,0,ENABLED,pennello,0.0,0,20.0,0,0,0.38,0,SP Manual General Keywords Paint Brush - SHAPES,382193361476478,33.33333333333333,0.0,,0,143372869517047,EUR,0.0,0,0,205645265703435,0.0,0.0,284169521694618,0,0.38,pennello,0,0,0.38,0,DAILY_BUDGET,BROAD,0,0,0.38,0.0,,0.0,3,0,0,0,1,SP Manual General Keywords ALL Paint Brush
2025-12-31,0.0,0.0,0,TARGETING_EXPRESSION_PREDEFINED,0.0,0,0.0,0.0,0.0,sartoria,0,ENABLED,loose-match,0.0,0,20.0,0,0,0.19,0,Cutting Mat AUTO ALL,52963754880959,50.0,0.0,,0,85977174074563,EUR,0.0,0,0,248556234914681,0.0,0.0,20534031029314,0,0.18,loose-match,0,0,0.19,0,DAILY_BUDGET,TARGETING_EXPRESSION_PREDEFINED,0,0,0.19,0.0,,0.0,2,0,0,0,1,SP Cutting Mat AUTO ALL
2025-12-31,0.0,0.0,0,TARGETING_EXPRESSION_PREDEFINED,0.0,0,0.0,0.0,0.0,sashiko kit,0,ENABLED,loose-match,0.0,0,10.0,0,0,0.24,0,Lineal 30CM AUTOKEY,210807790169151,50.0,0.0,,0,157991161943684,EUR,0.0,0,0,99205483501798,0.0,0.0,213624505474109,0,0.16,loose-match,0,0,0.24,0,DAILY_BUDGET,TARGETING_EXPRESSION_PREDEFINED,0,0,0.24,0.0,,0.0,2,0,0,0,1,Lineal AUTOKEY
2025-12-31,0.0,0.0,0,PHRASE,0.0,0,0.0,0.0,0.0,set acquerelli professionali,0,ENABLED,set acquerello,0.0,0,10.0,0,0,0.31,0,Paint MANUAL WATER,534516355453981,1.7241379310344827,0.0,,0,279725684982601,EUR,0.0,0,0,239925588172088,0.0,0.0,372235335652539,0,0.31,set acquerello,0,0,0.31,0,DAILY_BUDGET,PHRASE,0,0,0.31,0.0,,0.0,58,0,0,0,1,Paint MANUAL WATER
2025-12-31,0.0,0.0,0,BROAD,0.0,0,0.0,0.0,0.0,set pennelli per dipingere con tecniche varie,0,ENABLED,set di pennelli per dipingere,0.0,0,20.0,0,0,0.66,0,SP Manual General Keywords Paint Brush - 12 SETS + 24 NYLON,382193361476478,12.5,0.0,,0,143372869517047,EUR,0.0,0,0,2432637823259,0.0,0.0,331165315287998,0,0.51,set di pennelli per dipingere,0,0,0.66,0,DAILY_BUDGET,BROAD,0,0,0.66,0.0,,0.0,8,0,0,0,1,SP Manual General Keywords ALL Paint Brush
2025-12-31,0.0,0.0,0,BROAD,0.0,0,0.0,0.0,0.0,sketchbook acquerello,0,ENABLED,sketchbook acquerello,0.0,0,20.0,0,0,0.26,0,Water MANUAL,144719711848390,4.545454545454546,0.0,,0,51115655977058,EUR,0.0,0,0,72443241548487,0.0,0.0,215111353509927,0,0.26,sketchbook acquerello,0,0,0.26,0,DAILY_BUDGET,BROAD,0,0,0.26,0.0,,0.0,22,0,0,0,1,Books MANUAL
2025-12-31,0.0,0.0,0,BROAD,0.0,0,0.0,0.0,0.0,squadra da sarta,0,ENABLED,squadra per sarta,0.0,0,20.0,0,0,0.28,0,Lineal MANUAL 30CM,114319221866737,33.33333333333333,0.0,,0,157991161943684,EUR,0.0,0,0,91532495861642,0.0,0.0,34099308691982,0,0.18,squadra per sarta,0,0,0.28,0,DAILY_BUDGET,BROAD,0,0,0.28,0.0,,0.0,3,0,0,0,1,Lineal MANUAL KEYWORDS
2025-12-31,0.0,0.0,0,BROAD,0.0,0,0.0,0.0,0.0,squadra millimetrata da sarta,0,ENABLED,squadra per sarta,0.0,0,20.0,0,0,0.33,0,Lineal MANUAL 30CM,114319221866737,100.0,0.0,,0,157991161943684,EUR,0.0,0,0,91532495861642,0.0,0.0,34099308691982,0,0.18,squadra per sarta,0,0,0.33,0,DAILY_BUDGET,BROAD,0,0,0.33,0.0,,0.0,1,0,0,0,1,Lineal MANUAL KEYWORDS
2025-12-31,0.0,0.0,0,BROAD,0.0,0,0.0,0.0,0.0,squadra per cucito creativo,0,ENABLED,squadra cucito,0.0,0,20.0,0,0,0.3,0,Lineal MANUAL 30CM,114319221866737,100.0,0.0,,0,157991161943684,EUR,0.0,0,0,255311330932454,0.0,0.0,34099308691982,0,0.16,squadra cucito,0,0,0.3,0,DAILY_BUDGET,BROAD,0,0,0.3,0.0,,0.0,1,0,0,0,1,Lineal MANUAL KEYWORDS
2025-12-31,0.0,0.0,0,TARGETING_EXPRESSION_PREDEFINED,0.0,0,0.0,0.0,0.0,squadretta sarta 1/5,0,ENABLED,loose-match,0.0,0,10.0,0,0,0.13,0,Lineal 30CM AUTOKEY,210807790169151,100.0,0.0,,0,157991161943684,EUR,0.0,0,0,99205483501798,0.0,0.0,213624505474109,0,0.16,loose-match,0,0,0.13,0,DAILY_BUDGET,TARGETING_EXPRESSION_PREDEFINED,0,0,0.13,0.0,,0.0,1,0,0,0,1,Lineal AUTOKEY
2025-12-31,0.0,0.0,0,TARGETING_EXPRESSION,0.0,0,0.0,0.0,0.0,superficie da taglio,0,ENABLED,"category=""4290241031""",0.0,0,15.0,0,0,0.49,0,Cutting Mat CAT ALL,266820316933187,100.0,0.0,,0,85977174074563,EUR,0.0,0,0,85093910200041,0.0,0.0,29718609768123,0,0.26,"category=""Tappetini per taglio""",0,0,0.49,0,DAILY_BUDGET,TARGETING_EXPRESSION,0,0,0.49,0.0,,0.0,1,0,0,0,1,SP Cutting Mat CAT ALL (UD)
2025-12-31,0.0,0.0,0,BROAD,0.0,0,0.0,0.0,0.0,taglierina circolare per carta,0,ENABLED,taglierino circolare,0.0,0,10.0,0,0,0.33,0,Rotary cutter MANUAL KEY,22623045463920,16.666666666666664,0.0,,0,182821919138925,EUR,0.0,0,0,126077674949376,0.0,0.0,127197598404657,0,0.16,taglierino circolare,0,0,0.33,0,DAILY_BUDGET,BROAD,0,0,0.33,0.0,,0.0,6,0,0,0,1,Rotary cutter MANUAL KEY
2025-12-31,0.0,0.0,0,TARGETING_EXPRESSION_PREDEFINED,0.0,0,0.0,0.0,0.0,taglierina per stoffa,0,ENABLED,close-match,0.0,0,10.0,0,0,0.16,0,Rotary cutters AUTO,145719612249034,3.571428571428571,0.0,,0,182821919138925,EUR,0.0,0,0,37180645447173,0.0,0.0,82028106265256,0,0.16,close-match,0,0,0.16,0,DAILY_BUDGET,TARGETING_EXPRESSION_PREDEFINED,0,0,0.16,0.0,,0.0,28,0,0,0,1,Rotary Cutters AUTO
2025-12-31,0.0,0.0,0,TARGETING_EXPRESSION_PREDEFINED,0.0,0,0.0,0.0,0.0,tappetini da taglio,0,ENABLED,close-match,0.0,0,20.0,0,0,0.42,0,Cutting Mat AUTO A4,52963754880959,33.33333333333333,0.0,,0,85977174074563,EUR,0.0,0,0,63228021050788,0.0,0.0,55817456653168,0,0.26,close-match,0,0,0.42,0,DAILY_BUDGET,TARGETING_EXPRESSION_PREDEFINED,0,0,0.42,0.0,,0.0,3,0,0,0,1,SP Cutting Mat AUTO ALL
2025-12-31,0.0,0.0,0,TARGETING_EXPRESSION,0.0,0,0.0,0.0,0.0,tappetino anti taglio,0,ENABLED,"category=""4290241031""",0.0,0,15.0,0,0,0.4,0,Cutting Mat CAT ALL,266820316933187,16.666666666666664,0.0,,0,85977174074563,EUR,0.0,0,0,85093910200041,0.0,0.0,29718609768123,0,0.26,"category=""Tappetini per taglio""",0,0,0.4,0,DAILY_BUDGET,TARGETING_EXPRESSION,0,0,0.4,0.0,,0.0,6,0,0,0,1,SP Cutting Mat CAT ALL (UD)
2025-12-31,38.48,75.45098039215685,1,BROAD,38.48,0,38.48,0.0,38.48,tappetino antitaglio a1,1,ENABLED,tappetino antitaglio a1,0.0,1,75.0,1,1,0.51,1,Cutting Mat A1,199774680368818,1.9230769230769231,100.0,1.3253638253638254,1,85977174074563,EUR,75.45098039215685,1,1,11762989640653,38.48,38.48,110453447794434,0,0.51,tappetino antitaglio a1,1,0,0.51,1,DAILY_BUDGET,BROAD,1,1,0.51,38.48,1.3253638253638254,38.48,52,1,1,1,1,SP Cutting Mat MANUAL
2025-12-31,0.0,0.0,0,BROAD,0.0,0,0.0,0.0,0.0,tappetino antitaglio grande,0,ENABLED,tappetino antitaglio grande,0.0,0,75.0,0,0,0.46,0,Cutting Mat Large,199774680368818,20.0,0.0,,0,85977174074563,EUR,0.0,0,0,14399642441702,0.0,0.0,557676870768786,0,0.46,tappetino antitaglio grande,0,0,0.92,0,DAILY_BUDGET,BROAD,0,0,0.92,0.0,,0.0,10,0,0,0,2,SP Cutting Mat MANUAL
2025-12-31,0.0,0.0,0,PHRASE,0.0,0,0.0,0.0,0.0,tappetino antitaglio grande,0,ENABLED,tappetino antitaglio grande,0.0,0,75.0,0,0,0.78,0,Cutting Mat Large,199774680368818,5.88235294117647,0.0,,0,85977174074563,EUR,0.0,0,0,146333510287918,0.0,0.0,557676870768786,0,0.46,tappetino antitaglio grande,0,0,0.78,0,DAILY_BUDGET,PHRASE,0,0,0.78,0.0,,0.0,17,0,0,0,1,SP Cutting Mat MANUAL
2025-12-31,0.0,0.0,0,TARGETING_EXPRESSION_PREDEFINED,0.0,0,0.0,0.0,0.0,tappetino autorigenerante,0,ENABLED,close-match,0.0,0,20.0,0,0,0.42,0,Cutting Mat AUTO A4,52963754880959,50.0,0.0,,0,85977174074563,EUR,0.0,0,0,63228021050788,0.0,0.0,55817456653168,0,0.26,close-match,0,0,0.42,0,DAILY_BUDGET,TARGETING_EXPRESSION_PREDEFINED,0,0,0.42,0.0,,0.0,2,0,0,0,1,SP Cutting Mat AUTO ALL
2025-12-31,0.0,0.0,0,BROAD,0.0,0,0.0,0.0,0.0,tappetino bricolage,0,ENABLED,tappetino bricolage,0.0,0,75.0,0,0,0.41,0,Cutting Mat MANUAL ALL,199774680368818,50.0,0.0,,0,85977174074563,EUR,0.0,0,0,90695040781101,0.0,0.0,174430976685103,0,0.36,tappetino bricolage,0,0,0.41,0,DAILY_BUDGET,BROAD,0,0,0.41,0.0,,0.0,2,0,0,0,1,SP Cutting Mat MANUAL
2025-12-31,0.0,0.0,0,PHRASE,0.0,0,0.0,0.0,0.0,tappetino cutter a3,0,ENABLED,tappetino cutter a3,0.0,0,75.0,0,0,0.38,0,Cutting Mat A3,199774680368818,1.4285714285714286,0.0,,0,85977174074563,EUR,0.0,0,0,144714471640351,0.0,0.0,231251676653794,0,0.38,tappetino cutter a3,0,0,0.38,0,DAILY_BUDGET,PHRASE,0,0,0.38,0.0,,0.0,70,0,0,0,1,SP Cutting Mat MANUAL
2025-12-31,0.0,0.0,0,TARGETING_EXPRESSION,0.0,0,0.0,0.0,0.0,tappetino da modellismo,0,ENABLED,"category=""4290241031""",0.0,0,15.0,0,0,0.45,0,Cutting Mat CAT ALL,266820316933187,50.0,0.0,,0,85977174074563,EUR,0.0,0,0,85093910200041,0.0,0.0,29718609768123,0,0.26,"category=""Tappetini per taglio""",0,0,0.45,0,DAILY_BUDGET,TARGETING_EXPRESSION,0,0,0.45,0.0,,0.0,2,0,0,0,1,SP Cutting Mat CAT ALL (UD)
2025-12-31,0.0,0.0,0,TARGETING_EXPRESSION,0.0,0,0.0,0.0,0.0,tappetino da taglio,0,ENABLED,"category=""4290241031""",0.0,0,15.0,0,0,0.39,0,Cutting Mat CAT ALL,266820316933187,4.9504950495049505,0.0,,0,85977174074563,EUR,0.0,0,0,85093910200041,0.0,0.0,29718609768123,0,0.26,"category=""Tappetini per taglio""",0,0,1.94,0,DAILY_BUDGET,TARGETING_EXPRESSION,0,0,1.94,0.0,,0.0,101,0,0,0,5,SP Cutting Mat CAT ALL (UD)
2025-12-31,0.0,0.0,0,TARGETING_EXPRESSION_PREDEFINED,0.0,0,0.0,0.0,0.0,tappetino da taglio,0,ENABLED,close-match,0.0,0,20.0,0,0,0.39,0,Cutting Mat AUTO A4,52963754880959,13.333333333333334,0.0,,0,85977174074563,EUR,0.0,0,0,63228021050788,0.0,0.0,55817456653168,0,0.26,close-match,0,0,1.54,0,DAILY_BUDGET,TARGETING_EXPRESSION_PREDEFINED,0,0,1.54,0.0,,0.0,30,0,0,0,4,SP Cutting Mat AUTO ALL
2025-12-31,0.0,0.0,0,EXACT,0.0,0,0.0,0.0,0.0,tappetino da taglio,0,ENABLED,tappetini taglio,0.0,0,75.0,0,0,0.23,0,Cutting Mat MANUAL ALL,199774680368818,0.29411764705882354,0.0,,0,85977174074563,EUR,0.0,0,0,205103037819144,0.0,0.0,174430976685103,0,0.33,tappetini taglio,0,0,0.23,0,DAILY_BUDGET,EXACT,0,0,0.23,0.0,,0.0,340,0,0,0,1,SP Cutting Mat MANUAL
2025-12-31,0.0,0.0,0,PHRASE,0.0,0,0.0,0.0,0.0,tappetino da taglio a1,0,ENABLED,tappetini per taglio a1,0.0,0,75.0,0,0,0.43,0,Cutting Mat A1,199774680368818,1.1111111111111112,0.0,,0,85977174074563,EUR,0.0,0,0,65507005007657,0.0,0.0,110453447794434,0,0.48,tappetini per taglio a1,0,0,0.86,0,DAILY_BUDGET,PHRASE,0,0,0.86,0.0,,0.0,180,0,0,0,2,SP Cutting Mat MANUAL
2025-12-31,0.0,0.0,0,BROAD,0.0,0,0.0,0.0,0.0,tappetino da taglio a1 90x60 cm,0,ENABLED,tappetini per taglio 90x60,0.0,0,75.0,0,0,0.51,0,Cutting Mat A1 90x60,199774680368818,6.666666666666667,0.0,,0,85977174074563,EUR,0.0,0,0,74018462315643,0.0,0.0,307862072450492,0,0.51,tappetini per taglio 90x60,0,0,0.51,0,DAILY_BUDGET,BROAD,0,0,0.51,0.0,,0.0,15,0,0,0,1,SP Cutting Mat MANUAL
2025-12-31,0.0,0.0,0,BROAD,0.0,0,0.0,0.0,0.0,tappetino da taglio a2,0,ENABLED,tappetino da taglio a2,0.0,0,75.0,0,0,0.59,0,Cutting Mat A2,199774680368818,0.49019607843137253,0.0,,0,85977174074563,EUR,0.0,0,0,121450921551585,0.0,0.0,255039515216836,0,0.46,tappetino da taglio a2,0,0,0.59,0,DAILY_BUDGET,BROAD,0,0,0.59,0.0,,0.0,204,0,0,0,1,SP Cutting Mat MANUAL
2025-12-31,0.0,0.0,0,TARGETING_EXPRESSION,0.0,0,0.0,0.0,0.0,tappetino da taglio a3,0,ENABLED,"category=""4290241031""",0.0,0,15.0,0,0,0.63,0,Cutting Mat CAT ALL,266820316933187,9.090909090909092,0.0,,0,85977174074563,EUR,0.0,0,0,85093910200041,0.0,0.0,29718609768123,0,0.26,"category=""Tappetini per taglio""",0,0,0.63,0,DAILY_BUDGET,TARGETING_EXPRESSION,0,0,0.63,0.0,,0.0,11,0,0,0,1,SP Cutting Mat CAT ALL (UD)
2025-12-31,0.0,0.0,0,BROAD,0.0,0,0.0,0.0,0.0,tappetino da taglio a3,0,ENABLED,tappetino per taglio a3,0.0,0,75.0,0,0,0.45,0,Cutting Mat A3,199774680368818,0.9615384615384616,0.0,,0,85977174074563,EUR,0.0,0,0,271320026979280,0.0,0.0,231251676653794,0,0.38,tappetino per taglio a3,0,0,2.27,0,DAILY_BUDGET,BROAD,0,0,2.27,0.0,,0.0,520,0,0,0,5,SP Cutting Mat MANUAL
2025-12-31,0.0,0.0,0,BROAD,0.0,0,0.0,0.0,0.0,tappetino da taglio a3,0,ENABLED,tappetini da taglio a3,0.0,0,75.0,0,0,0.38,0,Cutting Mat A3,199774680368818,0.8264462809917356,0.0,,0,85977174074563,EUR,0.0,0,0,252498830237944,0.0,0.0,231251676653794,0,0.38,tappetini da taglio a3,0,0,0.38,0,DAILY_BUDGET,BROAD,0,0,0.38,0.0,,0.0,121,0,0,0,1,SP Cutting Mat MANUAL
2025-12-31,0.0,0.0,0,PHRASE,0.0,0,0.0,0.0,0.0,tappetino da taglio a3,0,ENABLED,tappetini per taglio a3,0.0,0,75.0,0,0,0.38,0,Cutting Mat A3,199774680368818,0.9615384615384616,0.0,,0,85977174074563,EUR,0.0,0,0,1058169633861,0.0,0.0,231251676653794,0,0.38,tappetini per taglio a3,0,0,0.38,0,DAILY_BUDGET,PHRASE,0,0,0.38,0.0,,0.0,104,0,0,0,1,SP Cutting Mat MANUAL
2025-12-31,0.0,0.0,0,BROAD,0.0,0,0.0,0.0,0.0,tappetino da taglio a3 autorigenerante,0,ENABLED,tappetino da taglio autorigenerante a3,0.0,0,75.0,0,0,0.38,0,Cutting Mat A3,199774680368818,2.5,0.0,,0,85977174074563,EUR,0.0,0,0,125394580179554,0.0,0.0,231251676653794,0,0.38,tappetino da taglio autorigenerante a3,0,0,0.38,0,DAILY_BUDGET,BROAD,0,0,0.38,0.0,,0.0,40,0,0,0,1,SP Cutting Mat MANUAL
2025-12-31,0.0,0.0,0,PHRASE,0.0,0,0.0,0.0,0.0,tappetino da taglio blu,0,ENABLED,tappetino per taglio blu,0.0,0,75.0,0,0,0.42,0,Cutting Mat Blue,199774680368818,100.0,0.0,,0,85977174074563,EUR,0.0,0,0,1710321075558,0.0,0.0,300077489523271,0,0.46,tappetino per taglio blu,0,0,0.42,0,DAILY_BUDGET,PHRASE,0,0,0.42,0.0,,0.0,1,0,0,0,1,SP Cutting Mat MANUAL
2025-12-31,0.0,0.0,0,BROAD,0.0,0,0.0,0.0,0.0,tappetino da taglio grande 90x120,0,ENABLED,tappetini per taglio 90x120,0.0,0,75.0,0,0,0.58,0,Cutting Mat A0 120x90,199774680368818,1.0416666666666665,0.0,,0,85977174074563,EUR,0.0,0,0,257549402738537,0.0,0.0,503654373308060,0,0.88,tappetini per taglio 90x120,0,0,0.58,0,DAILY_BUDGET,BROAD,0,0,0.58,0.0,,0.0,96,0,0,0,1,SP Cutting Mat MANUAL
2025-12-31,0.0,0.0,0,BROAD,0.0,0,0.0,0.0,0.0,tappetino da taglio nero a2,0,ENABLED,tappetino da taglio a2,0.0,0,75.0,0,0,0.51,0,Cutting Mat A2,199774680368818,11.11111111111111,0.0,,0,85977174074563,EUR,0.0,0,0,121450921551585,0.0,0.0,255039515216836,0,0.46,tappetino da taglio a2,0,0,0.51,0,DAILY_BUDGET,BROAD,0,0,0.51,0.0,,0.0,9,0,0,0,1,SP Cutting Mat MANUAL
2025-12-31,0.0,0.0,0,BROAD,0.0,0,0.0,0.0,0.0,tappetino da taglio per modellismo a3,0,ENABLED,tappetino per taglio a3,0.0,0,75.0,0,0,0.56,0,Cutting Mat A3,199774680368818,10.0,0.0,,0,85977174074563,EUR,0.0,0,0,271320026979280,0.0,0.0,231251676653794,0,0.38,tappetino per taglio a3,0,0,0.56,0,DAILY_BUDGET,BROAD,0,0,0.56,0.0,,0.0,10,0,0,0,1,SP Cutting Mat MANUAL
2025-12-31,0.0,0.0,0,TARGETING_EXPRESSION,0.0,0,0.0,0.0,0.0,tappetino lavoro scrivania antitaglio,0,ENABLED,"category=""4290241031""",0.0,0,15.0,0,0,0.38,0,Cutting Mat CAT ALL,266820316933187,16.666666666666664,0.0,,0,85977174074563,EUR,0.0,0,0,85093910200041,0.0,0.0,29718609768123,0,0.26,"category=""Tappetini per taglio""",0,0,0.38,0,DAILY_BUDGET,TARGETING_EXPRESSION,0,0,0.38,0.0,,0.0,6,0,0,0,1,SP Cutting Mat CAT ALL (UD)
2025-12-31,0.0,0.0,0,TARGETING_EXPRESSION_PREDEFINED,0.0,0,0.0,0.0,0.0,tappetino lavoro scrivania antitaglio,0,ENABLED,loose-match,0.0,0,20.0,0,0,0.29,0,Cutting Mat AUTO A4,52963754880959,100.0,0.0,,0,85977174074563,EUR,0.0,0,0,99984969358426,0.0,0.0,55817456653168,0,0.23,loose-match,0,0,0.29,0,DAILY_BUDGET,TARGETING_EXPRESSION_PREDEFINED,0,0,0.29,0.0,,0.0,1,0,0,0,1,SP Cutting Mat AUTO ALL
2025-12-31,0.0,0.0,0,BROAD,0.0,0,0.0,0.0,0.0,tappetino modellismo a2,0,ENABLED,tappetino modellismo a2,0.0,0,75.0,0,0,0.86,0,Cutting Mat A2,199774680368818,6.25,0.0,,0,85977174074563,EUR,0.0,0,0,103280261380033,0.0,0.0,255039515216836,0,0.46,tappetino modellismo a2,0,0,0.86,0,DAILY_BUDGET,BROAD,0,0,0.86,0.0,,0.0,16,0,0,0,1,SP Cutting Mat MANUAL
2025-12-31,0.0,0.0,0,EXACT,0.0,0,0.0,0.0,0.0,tappetino modellismo a3,0,ENABLED,tappetino modellismo a3,0.0,0,75.0,0,0,0.29,0,Cutting Mat A3,199774680368818,14.285714285714285,0.0,,0,85977174074563,EUR,0.0,0,0,86427282824291,0.0,0.0,231251676653794,0,0.38,tappetino modellismo a3,0,0,0.29,0,DAILY_BUDGET,EXACT,0,0,0.29,0.0,,0.0,7,0,0,0,1,SP Cutting Mat MANUAL
2025-12-31,0.0,0.0,0,PHRASE,0.0,0,0.0,0.0,0.0,tappetino modellismo navale a3,0,ENABLED,tappetini modellismo,0.0,0,75.0,0,0,0.63,0,Cutting Mat MANUAL ALL,199774680368818,6.666666666666667,0.0,,0,85977174074563,EUR,0.0,0,0,181431241699194,0.0,0.0,174430976685103,0,0.36,tappetini modellismo,0,0,0.63,0,DAILY_BUDGET,PHRASE,0,0,0.63,0.0,,0.0,15,0,0,0,1,SP Cutting Mat MANUAL
2025-12-31,0.0,0.0,0,PHRASE,0.0,0,0.0,0.0,0.0,tappetino modellismo plastica,0,ENABLED,tappetini modellismo,0.0,0,75.0,0,0,0.94,0,Cutting Mat MANUAL ALL,199774680368818,4.545454545454546,0.0,,0,85977174074563,EUR,0.0,0,0,181431241699194,0.0,0.0,174430976685103,0,0.36,tappetini modellismo,0,0,1.88,0,DAILY_BUDGET,PHRASE,0,0,1.88,0.0,,0.0,44,0,0,0,2,SP Cutting Mat MANUAL
2025-12-31,8.98,35.92,1,TARGETING_EXPRESSION_PREDEFINED,8.98,0,8.98,0.0,8.98,tappetino per collage,1,ENABLED,loose-match,0.0,1,20.0,1,1,0.25,1,Cutting Mat AUTO A4,52963754880959,16.666666666666664,100.0,2.7839643652561246,1,85977174074563,EUR,35.92,1,1,99984969358426,8.98,8.98,55817456653168,0,0.23,loose-match,1,0,0.25,1,DAILY_BUDGET,TARGETING_EXPRESSION_PREDEFINED,1,1,0.25,8.98,2.7839643652561246,8.98,6,1,1,1,1,SP Cutting Mat AUTO ALL
2025-12-31,0.0,0.0,0,TARGETING_EXPRESSION_PREDEFINED,0.0,0,0.0,0.0,0.0,tappetino per dipingere warhammer,0,ENABLED,loose-match,0.0,0,20.0,0,0,0.18,0,Cutting Mat AUTO A4,52963754880959,100.0,0.0,,0,85977174074563,EUR,0.0,0,0,99984969358426,0.0,0.0,55817456653168,0,0.23,loose-match,0,0,0.18,0,DAILY_BUDGET,TARGETING_EXPRESSION_PREDEFINED,0,0,0.18,0.0,,0.0,1,0,0,0,1,SP Cutting Mat AUTO ALL
2025-12-31,0.0,0.0,0,BROAD,0.0,0,0.0,0.0,0.0,tappetino per taglio,0,ENABLED,tappetino taglio a4,0.0,0,75.0,0,0,0.31,0,Cutting Mat A4,199774680368818,5.555555555555555,0.0,,0,85977174074563,EUR,0.0,0,0,143488506990947,0.0,0.0,486001505884040,0,0.31,tappetino taglio a4,0,0,0.31,0,DAILY_BUDGET,BROAD,0,0,0.31,0.0,,0.0,18,0,0,0,1,SP Cutting Mat MANUAL
2025-12-31,0.0,0.0,0,BROAD,0.0,0,0.0,0.0,0.0,tappetino scrivania taglierino,0,ENABLED,tappetino taglierino,0.0,0,75.0,0,0,0.17,0,Cutting Mat MANUAL ALL,199774680368818,14.285714285714285,0.0,,0,85977174074563,EUR,0.0,0,0,10904780659130,0.0,0.0,174430976685103,0,0.31,tappetino taglierino,0,0,0.17,0,DAILY_BUDGET,BROAD,0,0,0.17,0.0,,0.0,7,0,0,0,1,SP Cutting Mat MANUAL
2025-12-31,0.0,0.0,0,BROAD,0.0,0,0.0,0.0,0.0,tappetino taglio,0,ENABLED,tappetino sartoriale da taglio piccolo,0.0,0,75.0,0,0,0.26,0,Cutting Mat Small,199774680368818,10.0,0.0,,0,85977174074563,EUR,0.0,0,0,72622840173771,0.0,0.0,309849309309133,0,0.26,tappetino sartoriale da taglio piccolo,0,0,0.26,0,DAILY_BUDGET,BROAD,0,0,0.26,0.0,,0.0,10,0,0,0,1,SP Cutting Mat MANUAL
2025-12-31,0.0,0.0,0,TARGETING_EXPRESSION_PREDEFINED,0.0,0,0.0,0.0,0.0,tappetino taglio a1,0,ENABLED,close-match,0.0,0,20.0,0,0,0.23,0,Cutting Mat AUTO ALL,52963754880959,33.33333333333333,0.0,,0,85977174074563,EUR,0.0,0,0,101879456931334,0.0,0.0,20534031029314,0,0.23,close-match,0,0,0.23,0,DAILY_BUDGET,TARGETING_EXPRESSION_PREDEFINED,0,0,0.23,0.0,,0.0,3,0,0,0,1,SP Cutting Mat AUTO ALL
2025-12-31,0.0,0.0,0,BROAD,0.0,0,0.0,0.0,0.0,tappetino taglio a2,0,ENABLED,tappetino da taglio a2,0.0,0,75.0,0,0,0.8,0,Cutting Mat A2,199774680368818,1.4705882352941175,0.0,,0,85977174074563,EUR,0.0,0,0,121450921551585,0.0,0.0,255039515216836,0,0.46,tappetino da taglio a2,0,0,0.8,0,DAILY_BUDGET,BROAD,0,0,0.8,0.0,,0.0,68,0,0,0,1,SP Cutting Mat MANUAL
2025-12-31,0.0,0.0,0,BROAD,0.0,0,0.0,0.0,0.0,tappetino taglio a2 autorigenerante trasparente dahle,0,ENABLED,tappetino da taglio autorigenerante a2,0.0,0,75.0,0,0,0.75,0,Cutting Mat A2,199774680368818,11.11111111111111,0.0,,0,85977174074563,EUR,0.0,0,0,191581004819313,0.0,0.0,255039515216836,0,0.46,tappetino da taglio autorigenerante a2,0,0,0.75,0,DAILY_BUDGET,BROAD,0,0,0.75,0.0,,0.0,9,0,0,0,1,SP Cutting Mat MANUAL
2025-12-31,0.0,0.0,0,BROAD,0.0,0,0.0,0.0,0.0,tappetino taglio a3,0,ENABLED,tappetino per taglio a3,0.0,0,75.0,0,0,0.38,0,Cutting Mat A3,199774680368818,0.7692307692307693,0.0,,0,85977174074563,EUR,0.0,0,0,271320026979280,0.0,0.0,231251676653794,0,0.38,tappetino per taglio a3,0,0,0.38,0,DAILY_BUDGET,BROAD,0,0,0.38,0.0,,0.0,130,0,0,0,1,SP Cutting Mat MANUAL
2025-12-31,0.0,0.0,0,PHRASE,0.0,0,0.0,0.0,0.0,tappetino taglio a3,0,ENABLED,tappetini per taglio a3,0.0,0,75.0,0,0,0.38,0,Cutting Mat A3,199774680368818,2.0408163265306123,0.0,,0,85977174074563,EUR,0.0,0,0,1058169633861,0.0,0.0,231251676653794,0,0.38,tappetini per taglio a3,0,0,0.38,0,DAILY_BUDGET,PHRASE,0,0,0.38,0.0,,0.0,49,0,0,0,1,SP Cutting Mat MANUAL
2025-12-31,0.0,0.0,0,TARGETING_EXPRESSION,0.0,0,0.0,0.0,0.0,tappetino taglio autorigenerante,0,ENABLED,"category=""4290241031""",0.0,0,15.0,0,0,0.59,0,Cutting Mat CAT ALL,266820316933187,50.0,0.0,,0,85977174074563,EUR,0.0,0,0,85093910200041,0.0,0.0,29718609768123,0,0.26,"category=""Tappetini per taglio""",0,0,0.59,0,DAILY_BUDGET,TARGETING_EXPRESSION,0,0,0.59,0.0,,0.0,2,0,0,0,1,SP Cutting Mat CAT ALL (UD)
2025-12-31,0.0,0.0,0,TARGETING_EXPRESSION,0.0,0,0.0,0.0,0.0,tappeto da taglio,0,ENABLED,"category=""4290241031""",0.0,0,15.0,0,0,0.53,0,Cutting Mat CAT ALL,266820316933187,2.7027027027027026,0.0,,0,85977174074563,EUR,0.0,0,0,85093910200041,0.0,0.0,29718609768123,0,0.26,"category=""Tappetini per taglio""",0,0,0.53,0,DAILY_BUDGET,TARGETING_EXPRESSION,0,0,0.53,0.0,,0.0,37,0,0,0,1,SP Cutting Mat CAT ALL (UD)
2025-12-31,0.0,0.0,0,BROAD,0.0,0,0.0,0.0,0.0,tappeto da taglio a0,0,ENABLED,tappeto per taglio a0,0.0,0,75.0,0,0,0.88,0,Cutting Mat A0,199774680368818,1.8181818181818181,0.0,,0,85977174074563,EUR,0.0,0,0,222311613857225,0.0,0.0,377123227,0,0.88,tappeto per taglio a0,0,0,0.88,0,DAILY_BUDGET,BROAD,0,0,0.88,0.0,,0.0,55,0,0,0,1,SP Cutting Mat MANUAL
2025-12-31,0.0,0.0,0,BROAD,0.0,0,0.0,0.0,0.0,tappeto da taglio a2,0,ENABLED,tappeto da taglio a2,0.0,0,75.0,0,0,0.33,0,Cutting Mat A2,199774680368818,2.7027027027027026,0.0,,0,85977174074563,EUR,0.0,0,0,181659919727038,0.0,0.0,255039515216836,0,0.46,tappeto da taglio a2,0,0,0.33,0,DAILY_BUDGET,BROAD,0,0,0.33,0.0,,0.0,37,0,0,0,1,SP Cutting Mat MANUAL
2025-12-31,0.0,0.0,0,TARGETING_EXPRESSION,0.0,0,0.0,0.0,0.0,tappeto da taglio a3,0,ENABLED,"category=""4290241031""",0.0,0,15.0,0,0,0.42,0,Cutting Mat CAT ALL,266820316933187,66.66666666666666,0.0,,0,85977174074563,EUR,0.0,0,0,85093910200041,0.0,0.0,29718609768123,0,0.26,"category=""Tappetini per taglio""",0,0,0.85,0,DAILY_BUDGET,TARGETING_EXPRESSION,0,0,0.85,0.0,,0.0,3,0,0,0,2,SP Cutting Mat CAT ALL (UD)
2025-12-31,0.0,0.0,0,PHRASE,0.0,0,0.0,0.0,0.0,tappeto modellismo,0,ENABLED,tappeto modellismo,0.0,0,75.0,0,0,0.42,0,Cutting Mat MANUAL ALL,199774680368818,2.380952380952381,0.0,,0,85977174074563,EUR,0.0,0,0,116834512098321,0.0,0.0,174430976685103,0,0.38,tappeto modellismo,0,0,0.42,0,DAILY_BUDGET,PHRASE,0,0,0.42,0.0,,0.0,42,0,0,0,1,SP Cutting Mat MANUAL
2025-12-31,0.0,0.0,0,TARGETING_EXPRESSION,0.0,0,0.0,0.0,0.0,tappeto per banco da lavoro,0,ENABLED,"category=""4290241031""",0.0,0,15.0,0,0,0.38,0,Cutting Mat CAT ALL,266820316933187,5.0,0.0,,0,85977174074563,EUR,0.0,0,0,85093910200041,0.0,0.0,29718609768123,0,0.26,"category=""Tappetini per taglio""",0,0,0.38,0,DAILY_BUDGET,TARGETING_EXPRESSION,0,0,0.38,0.0,,0.0,20,0,0,0,1,SP Cutting Mat CAT ALL (UD)
2025-12-31,0.0,0.0,0,TARGETING_EXPRESSION_PREDEFINED,0.0,0,0.0,0.0,0.0,tappeto per incisore laser,0,ENABLED,loose-match,0.0,0,20.0,0,0,0.29,0,Cutting Mat AUTO A4,52963754880959,100.0,0.0,,0,85977174074563,EUR,0.0,0,0,99984969358426,0.0,0.0,55817456653168,0,0.23,loose-match,0,0,0.29,0,DAILY_BUDGET,TARGETING_EXPRESSION_PREDEFINED,0,0,0.29,0.0,,0.0,1,0,0,0,1,SP Cutting Mat AUTO ALL
2025-12-31,0.0,0.0,0,PHRASE,0.0,0,0.0,0.0,0.0,tappeto taglio a1,0,ENABLED,tappeto taglio a1,0.0,0,75.0,0,0,0.15,0,Cutting Mat A1,199774680368818,7.6923076923076925,0.0,,0,85977174074563,EUR,0.0,0,0,80045517322266,0.0,0.0,110453447794434,0,0.48,tappeto taglio a1,0,0,0.15,0,DAILY_BUDGET,PHRASE,0,0,0.15,0.0,,0.0,13,0,0,0,1,SP Cutting Mat MANUAL
2025-12-31,0.0,0.0,0,BROAD,0.0,0,0.0,0.0,0.0,tappeto taglio a1,0,ENABLED,tappeto per taglio,0.0,0,75.0,0,0,0.32,0,Cutting Mat MANUAL ALL,199774680368818,12.5,0.0,,0,85977174074563,EUR,0.0,0,0,198897228563458,0.0,0.0,174430976685103,0,0.31,tappeto per taglio,0,0,0.32,0,DAILY_BUDGET,BROAD,0,0,0.32,0.0,,0.0,8,0,0,0,1,SP Cutting Mat MANUAL
2025-12-31,0.0,0.0,0,EXACT,0.0,0,0.0,0.0,0.0,tappeto taglio a3,0,ENABLED,tappeto per taglio a3,0.0,0,75.0,0,0,0.38,0,Cutting Mat A3,199774680368818,10.0,0.0,,0,85977174074563,EUR,0.0,0,0,5315065874114,0.0,0.0,231251676653794,0,0.38,tappeto per taglio a3,0,0,0.38,0,DAILY_BUDGET,EXACT,0,0,0.38,0.0,,0.0,10,0,0,0,1,SP Cutting Mat MANUAL
2025-12-31,0.0,0.0,0,BROAD,0.0,0,0.0,0.0,0.0,tavola per tagliare a2,0,ENABLED,tavola per tagliare a2,0.0,0,75.0,0,0,0.55,0,Cutting Mat A2,199774680368818,25.0,0.0,,0,85977174074563,EUR,0.0,0,0,54905936999066,0.0,0.0,255039515216836,0,0.46,tavola per tagliare a2,0,0,0.55,0,DAILY_BUDGET,BROAD,0,0,0.55,0.0,,0.0,4,0,0,0,1,SP Cutting Mat MANUAL
2025-12-31,0.0,0.0,0,TARGETING_EXPRESSION_PREDEFINED,0.0,0,0.0,0.0,0.0,tela,0,ENABLED,close-match,0.0,0,30.0,0,0,0.4,0,Stretched Canvas AUTO ALL,322603208588387,2.2222222222222223,0.0,,0,49215886513051,EUR,0.0,0,0,9853124101240,0.0,0.0,469269469532754,0,0.41,close-match,0,0,0.4,0,DAILY_BUDGET,TARGETING_EXPRESSION_PREDEFINED,0,0,0.4,0.0,,0.0,45,0,0,0,1,Stretched Canvas AUTO ALL
2025-12-31,0.0,0.0,0,TARGETING_EXPRESSION,0.0,0,0.0,0.0,0.0,tela 100x150,0,ENABLED,"category=""4354979031""",0.0,0,20.0,0,0,0.49,0,Premium Stretched Canvas CAT 90x120,365630296319203,14.285714285714285,0.0,,0,175781754206355,EUR,0.0,0,0,881891303369,0.0,0.0,313854580898576,0,0.38,"category=""Tele intelaiate per artisti""",0,0,0.49,0,DAILY_BUDGET,TARGETING_EXPRESSION,0,0,0.49,0.0,,0.0,7,0,0,0,1,Premium Stretched Canvas CAT Detail
2025-12-31,0.0,0.0,0,TARGETING_EXPRESSION_PREDEFINED,0.0,0,0.0,0.0,0.0,tela 100x70,0,ENABLED,loose-match,0.0,0,20.0,0,0,0.36,0,Premium Stretched Canvas AUTO 90x120,332278070030441,100.0,0.0,,0,175781754206355,EUR,0.0,0,0,224071466853109,0.0,0.0,546120065845388,0,0.48,loose-match,0,0,0.36,0,DAILY_BUDGET,TARGETING_EXPRESSION_PREDEFINED,0,0,0.36,0.0,,0.0,1,0,0,0,1,Premium Stretched Canvas AUTO DETAIL
2025-12-31,0.0,0.0,0,BROAD,0.0,0,0.0,0.0,0.0,tela 40 x 80,0,ENABLED,tela 80x40,0.0,0,30.0,0,0,0.36,0,Stretched Canvas MANUAL 40x80,319100711682791,50.0,0.0,,0,49215886513051,EUR,0.0,0,0,30668684835246,0.0,0.0,536812482986830,0,0.66,tela 80x40,0,0,0.36,0,DAILY_BUDGET,BROAD,0,0,0.36,0.0,,0.0,2,0,0,0,1,Stretched Canvas MANUAL Detail
2025-12-31,0.0,0.0,0,BROAD,0.0,0,0.0,0.0,0.0,tela 50x70,0,ENABLED,tela 70x50,0.0,0,30.0,0,0,0.66,0,Stretched Canvas MANUAL 50x70,319100711682791,14.285714285714285,0.0,,0,49215886513051,EUR,0.0,0,0,146668494165279,0.0,0.0,470216147782855,0,0.76,tela 70x50,0,0,0.66,0,DAILY_BUDGET,BROAD,0,0,0.66,0.0,,0.0,7,0,0,0,1,Stretched Canvas MANUAL Detail
2025-12-31,0.0,0.0,0,TARGETING_EXPRESSION_PREDEFINED,0.0,0,0.0,0.0,0.0,tela 70x30,0,ENABLED,loose-match,0.0,0,45.0,0,0,0.26,0,Stretched Canvas AUTO 30x60,365066329383211,100.0,0.0,,0,49215886513051,EUR,0.0,0,0,28948507839783,0.0,0.0,474192388090082,0,0.43,loose-match,0,0,0.26,0,DAILY_BUDGET,TARGETING_EXPRESSION_PREDEFINED,0,0,0.26,0.0,,0.0,1,0,0,0,1,Stretched Canvas AUTO Detail
2025-12-31,0.0,0.0,0,TARGETING_EXPRESSION_PREDEFINED,0.0,0,0.0,0.0,0.0,tela 80x80,0,ENABLED,close-match,0.0,0,30.0,0,0,0.47,0,Stretched Canvas AUTO ALL,322603208588387,100.0,0.0,,0,49215886513051,EUR,0.0,0,0,9853124101240,0.0,0.0,469269469532754,0,0.41,close-match,0,0,0.47,0,DAILY_BUDGET,TARGETING_EXPRESSION_PREDEFINED,0,0,0.47,0.0,,0.0,1,0,0,0,1,Stretched Canvas AUTO ALL
2025-12-31,0.0,0.0,0,BROAD,0.0,0,0.0,0.0,0.0,tela da pittura grande,0,ENABLED,tela pittura grande,0.0,0,30.0,0,0,0.75,0,Stretched Canvas MANUAL LARGE,319100711682791,20.0,0.0,,0,49215886513051,EUR,0.0,0,0,231571493467400,0.0,0.0,397613919348956,0,0.51,tela pittura grande,0,0,0.75,0,DAILY_BUDGET,BROAD,0,0,0.75,0.0,,0.0,5,0,0,0,1,Stretched Canvas MANUAL Detail
2025-12-31,0.0,,0,PHRASE,0.0,0,0.0,0.0,0.0,tela da pittura grande,0,ENABLED,tela da pittura grande,0.0,0,30.0,0,0,0.0,0,Stretched Canvas MANUAL LARGE,319100711682791,33.33333333333333,0.0,,0,49215886513051,EUR,,0,0,157681003184579,0.0,0.0,397613919348956,0,0.51,tela da pittura grande,0,0,0.0,0,DAILY_BUDGET,PHRASE,0,0,0.0,0.0,,0.0,3,0,0,0,1,Stretched Canvas MANUAL Detail
2025-12-31,0.0,0.0,0,TARGETING_EXPRESSION_PREDEFINED,0.0,0,0.0,0.0,0.0,tela per dipingere,0,ENABLED,close-match,0.0,0,30.0,0,0,0.45,0,Stretched Canvas AUTO ALL,322603208588387,0.46511627906976744,0.0,,0,49215886513051,EUR,0.0,0,0,9853124101240,0.0,0.0,469269469532754,0,0.41,close-match,0,0,0.45,0,DAILY_BUDGET,TARGETING_EXPRESSION_PREDEFINED,0,0,0.45,0.0,,0.0,215,0,0,0,1,Stretched Canvas AUTO ALL
2025-12-31,0.0,0.0,0,TARGETING_EXPRESSION_PREDEFINED,0.0,0,0.0,0.0,0.0,tela per dipingere,0,ENABLED,close-match,0.0,0,20.0,0,0,0.56,0,Premium Stretched Canvas AUTO 60x90,332278070030441,1.3513513513513513,0.0,,0,175781754206355,EUR,0.0,0,0,82486060644966,0.0,0.0,399409631524554,0,0.56,close-match,0,0,0.56,0,DAILY_BUDGET,TARGETING_EXPRESSION_PREDEFINED,0,0,0.56,0.0,,0.0,74,0,0,0,1,Premium Stretched Canvas AUTO DETAIL
2025-12-31,0.0,0.0,0,TARGETING_EXPRESSION_PREDEFINED,0.0,0,0.0,0.0,0.0,tela per dipingere 100x100,0,ENABLED,close-match,0.0,0,30.0,0,0,0.43,0,Stretched Canvas AUTO ALL,322603208588387,11.11111111111111,0.0,,0,49215886513051,EUR,0.0,0,0,9853124101240,0.0,0.0,469269469532754,0,0.41,close-match,0,0,0.43,0,DAILY_BUDGET,TARGETING_EXPRESSION_PREDEFINED,0,0,0.43,0.0,,0.0,9,0,0,0,1,Stretched Canvas AUTO ALL
2025-12-31,0.0,0.0,0,TARGETING_EXPRESSION,0.0,0,0.0,0.0,0.0,tela per dipingere 200x200,0,ENABLED,"asin=""B0CLD7H8MY""",0.0,0,10.0,0,0,0.32,0,280 Stretched Canvas Defensive to 280 Stretched Canvas,555333104869671,25.0,0.0,,0,109174935273123,EUR,0.0,0,0,71229601633695,0.0,0.0,461918730944186,0,0.38,"asin=""B0CLD7H8MY""",0,0,0.32,0,DAILY_BUDGET,TARGETING_EXPRESSION,0,0,0.32,0.0,,0.0,4,0,0,0,1,SP-PT 280 Stretched Canvas Defensive to 280 Stretched Canvas
2025-12-31,0.0,0.0,0,TARGETING_EXPRESSION_PREDEFINED,0.0,0,0.0,0.0,0.0,tela per dipingere 30x70,0,ENABLED,loose-match,0.0,0,45.0,0,0,0.51,0,Stretched Canvas AUTO 30x60,365066329383211,100.0,0.0,,0,49215886513051,EUR,0.0,0,0,28948507839783,0.0,0.0,474192388090082,0,0.43,loose-match,0,0,0.51,0,DAILY_BUDGET,TARGETING_EXPRESSION_PREDEFINED,0,0,0.51,0.0,,0.0,1,0,0,0,1,Stretched Canvas AUTO Detail
2025-12-31,0.0,0.0,0,BROAD,0.0,0,0.0,0.0,0.0,tela per dipingere 50x50,0,ENABLED,tela per dipingere 50x50,0.0,0,20.0,0,0,0.43,0,Premium Stretched Canvas MANUAL 50x50,373732049684739,12.5,0.0,,0,175781754206355,EUR,0.0,0,0,100573674236843,0.0,0.0,313653800433521,0,0.56,tela per dipingere 50x50,0,0,0.43,0,DAILY_BUDGET,BROAD,0,0,0.43,0.0,,0.0,8,0,0,0,1,Premium Stretched Canvas MANUAL Detail
2025-12-31,0.0,0.0,0,BROAD,0.0,0,0.0,0.0,0.0,tela per dipingere 60x80,0,ENABLED,tela per dipingere 60x80,0.0,0,30.0,0,0,0.42,0,Stretched Canvas MANUAL 60x80,319100711682791,5.88235294117647,0.0,,0,49215886513051,EUR,0.0,0,0,123968304527125,0.0,0.0,416398299339050,0,0.71,tela per dipingere 60x80,0,0,0.42,0,DAILY_BUDGET,BROAD,0,0,0.42,0.0,,0.0,17,0,0,0,1,Stretched Canvas MANUAL Detail
2025-12-31,0.0,0.0,0,EXACT,0.0,0,0.0,0.0,0.0,tela per dipingere grande,0,ENABLED,tela per dipingere grande,0.0,0,30.0,0,0,0.62,0,Stretched Canvas MANUAL LARGE,319100711682791,25.0,0.0,,0,49215886513051,EUR,0.0,0,0,243489172817835,0.0,0.0,397613919348956,0,0.43,tela per dipingere grande,0,0,0.62,0,DAILY_BUDGET,EXACT,0,0,0.62,0.0,,0.0,4,0,0,0,1,Stretched Canvas MANUAL Detail
2025-12-31,0.0,0.0,0,TARGETING_EXPRESSION_PREDEFINED,0.0,0,0.0,0.0,0.0,tela+canvas+in+offerta 100x120,0,ENABLED,loose-match,0.0,0,30.0,0,0,0.3,0,Canvas Panel AUTO 40x50,300932623305694,16.666666666666664,0.0,,0,82897394850015,EUR,0.0,0,0,55669035858422,0.0,0.0,421556561499407,0,0.38,loose-match,0,0,0.3,0,DAILY_BUDGET,TARGETING_EXPRESSION_PREDEFINED,0,0,0.3,0.0,,0.0,6,0,0,0,1,Canvas Panel AUTO Detail
2025-12-31,0.0,0.0,0,BROAD,0.0,0,0.0,0.0,0.0,telaio per quadri,0,ENABLED,tela,0.0,0,20.0,0,0,0.24,0,Premium Stretched Canvas MANUAL ALL,524832290773795,20.0,0.0,,0,175781754206355,EUR,0.0,0,0,6900153040264,0.0,0.0,478040466195099,0,0.26,tela,0,0,0.24,0,DAILY_BUDGET,BROAD,0,0,0.24,0.0,,0.0,5,0,0,0,1,Premium Stretched Canvas MANUAL ALL
2025-12-31,0.0,0.0,0,PHRASE,0.0,0,0.0,0.0,0.0,tele 20x20,0,ENABLED,tele 20x20,0.0,0,25.0,0,0,0.3,0,Canvas Panel MANUAL 20x20,452761332739331,33.33333333333333,0.0,,0,82897394850015,EUR,0.0,0,0,31190685472636,0.0,0.0,523340899250399,0,0.31,tele 20x20,0,0,0.3,0,DAILY_BUDGET,PHRASE,0,0,0.3,0.0,,0.0,3,0,0,0,1,Canvas Panel MANUAL Detail
2025-12-31,0.0,0.0,0,PHRASE,0.0,0,0.0,0.0,0.0,tele 30x40 per dipingere,0,ENABLED,tele 30x40,0.0,0,30.0,0,0,0.44,0,Stretched Canvas MANUAL 30x40,319100711682791,14.285714285714285,0.0,,0,49215886513051,EUR,0.0,0,0,85880767428617,0.0,0.0,435835238938909,0,0.46,tele 30x40,0,0,0.44,0,DAILY_BUDGET,PHRASE,0,0,0.44,0.0,,0.0,7,0,0,0,1,Stretched Canvas MANUAL Detail
2025-12-31,0.0,0.0,0,BROAD,0.0,0,0.0,0.0,0.0,tele dipingere,0,ENABLED,set tele per dipingere grandi dimensioni,0.0,0,30.0,0,0,0.51,0,Stretched Canvas MANUAL LARGE,319100711682791,3.6363636363636362,0.0,,0,49215886513051,EUR,0.0,0,0,95126303739426,0.0,0.0,397613919348956,0,0.51,set tele per dipingere grandi dimensioni,0,0,1.02,0,DAILY_BUDGET,BROAD,0,0,1.02,0.0,,0.0,55,0,0,0,2,Stretched Canvas MANUAL Detail
2025-12-31,0.0,0.0,0,BROAD,0.0,0,0.0,0.0,0.0,tele dipingere,0,ENABLED,canvas per dipingere rettangolare,0.0,0,20.0,0,0,0.53,0,Premium Stretched Canvas MANUAL PORTRAIT,373732049684739,2.272727272727273,0.0,,0,175781754206355,EUR,0.0,0,0,78849840308395,0.0,0.0,416769213988671,0,0.53,canvas per dipingere rettangolare,0,0,0.53,0,DAILY_BUDGET,BROAD,0,0,0.53,0.0,,0.0,44,0,0,0,1,Premium Stretched Canvas MANUAL Detail
2025-12-31,0.0,0.0,0,BROAD,0.0,0,0.0,0.0,0.0,tele dipingere 30x40,0,ENABLED,tele da dipingere 30x40,0.0,0,30.0,0,0,0.52,0,Stretched Canvas MANUAL 30x40,319100711682791,50.0,0.0,,0,49215886513051,EUR,0.0,0,0,90167782610856,0.0,0.0,435835238938909,0,0.46,tele da dipingere 30x40,0,0,0.52,0,DAILY_BUDGET,BROAD,0,0,0.52,0.0,,0.0,2,0,0,0,1,Stretched Canvas MANUAL Detail
2025-12-31,0.0,0.0,0,TARGETING_EXPRESSION_PREDEFINED,0.0,0,0.0,0.0,0.0,tele grandi per dipingere,0,ENABLED,close-match,0.0,0,30.0,0,0,0.41,0,Stretched Canvas AUTO ALL,322603208588387,100.0,0.0,,0,49215886513051,EUR,0.0,0,0,9853124101240,0.0,0.0,469269469532754,0,0.41,close-match,0,0,0.41,0,DAILY_BUDGET,TARGETING_EXPRESSION_PREDEFINED,0,0,0.41,0.0,,0.0,1,0,0,0,1,Stretched Canvas AUTO ALL
2025-12-31,0.0,0.0,0,PHRASE,0.0,0,0.0,0.0,0.0,tele grandi per dipingere,0,ENABLED,tele grandi per dipingere,0.0,0,30.0,0,0,0.51,0,Stretched Canvas MANUAL LARGE,319100711682791,8.333333333333332,0.0,,0,49215886513051,EUR,0.0,0,0,9773837681002,0.0,0.0,397613919348956,0,0.51,tele grandi per dipingere,0,0,0.51,0,DAILY_BUDGET,PHRASE,0,0,0.51,0.0,,0.0,12,0,0,0,1,Stretched Canvas MANUAL Detail
2025-12-31,0.0,0.0,0,BROAD,0.0,0,0.0,0.0,0.0,tele pee dipingere,0,ENABLED,tele dipingere,0.0,0,25.0,0,0,0.45,0,Stretched Canvas MANUAL ALL,495156814330433,12.5,0.0,,0,49215886513051,EUR,0.0,0,0,61862614898962,0.0,0.0,414901814325353,0,0.38,tele dipingere,0,0,0.45,0,DAILY_BUDGET,BROAD,0,0,0.45,0.0,,0.0,8,0,0,0,1,Stretched Canvas MANUAL ALL
2025-12-31,0.0,0.0,0,BROAD,0.0,0,0.0,0.0,0.0,tele per dipingere 100x80,0,ENABLED,tele dipingere 100x80,0.0,0,30.0,0,0,0.38,0,Stretched Canvas MANUAL 80x100,319100711682791,12.5,0.0,,0,49215886513051,EUR,0.0,0,0,68100165233776,0.0,0.0,444453742535121,0,0.76,tele dipingere 100x80,0,0,0.38,0,DAILY_BUDGET,BROAD,0,0,0.38,0.0,,0.0,8,0,0,0,1,Stretched Canvas MANUAL Detail
2025-12-31,0.0,0.0,0,BROAD,0.0,0,0.0,0.0,0.0,tele per dipingere grandi,0,ENABLED,tele da dipingere grandi,0.0,0,30.0,0,0,0.51,0,Stretched Canvas MANUAL LARGE,319100711682791,1.0638297872340425,0.0,,0,49215886513051,EUR,0.0,0,0,124074297542228,0.0,0.0,397613919348956,0,0.51,tele da dipingere grandi,0,0,0.51,0,DAILY_BUDGET,BROAD,0,0,0.51,0.0,,0.0,94,0,0,0,1,Stretched Canvas MANUAL Detail
2025-12-31,0.0,0.0,0,PHRASE,0.0,0,0.0,0.0,0.0,tele per dipingere grandi,0,ENABLED,tele da dipingere grandi,0.0,0,30.0,0,0,0.76,0,Stretched Canvas MANUAL LARGE,319100711682791,7.6923076923076925,0.0,,0,49215886513051,EUR,0.0,0,0,271006966355100,0.0,0.0,397613919348956,0,0.51,tele da dipingere grandi,0,0,0.76,0,DAILY_BUDGET,PHRASE,0,0,0.76,0.0,,0.0,13,0,0,0,1,Stretched Canvas MANUAL Detail
2025-12-31,0.0,0.0,0,PHRASE,0.0,0,0.0,0.0,0.0,tele per dipingere grandi,0,ENABLED,tele dipingere grandi,0.0,0,20.0,0,0,0.88,0,Premium Stretched Canvas MANUAL LARGE,373732049684739,33.33333333333333,0.0,,0,175781754206355,EUR,0.0,0,0,266778946429350,0.0,0.0,537397916803243,0,0.51,tele dipingere grandi,0,0,0.88,0,DAILY_BUDGET,PHRASE,0,0,0.88,0.0,,0.0,3,0,0,0,1,Premium Stretched Canvas MANUAL Detail
2025-12-31,0.0,0.0,0,EXACT,0.0,0,0.0,0.0,0.0,tele per dipingere grandi,0,ENABLED,tele da dipingere grandi,0.0,0,20.0,0,0,0.51,0,Premium Stretched Canvas MANUAL LARGE,373732049684739,2.564102564102564,0.0,,0,175781754206355,EUR,0.0,0,0,31599074208390,0.0,0.0,537397916803243,0,0.51,tele da dipingere grandi,0,0,0.51,0,DAILY_BUDGET,EXACT,0,0,0.51,0.0,,0.0,39,0,0,0,1,Premium Stretched Canvas MANUAL Detail
2025-12-31,0.0,0.0,0,BROAD,0.0,0,0.0,0.0,0.0,tele per dipingere grandi 100 x 150,0,ENABLED,tele x dipingere grandi,0.0,0,20.0,0,0,0.51,0,Premium Stretched Canvas MANUAL LARGE,373732049684739,16.666666666666664,0.0,,0,175781754206355,EUR,0.0,0,0,83086600383774,0.0,0.0,537397916803243,0,0.51,tele x dipingere grandi,0,0,0.51,0,DAILY_BUDGET,BROAD,0,0,0.51,0.0,,0.0,6,0,0,0,1,Premium Stretched Canvas MANUAL Detail
2025-12-31,0.0,23.3265306122449,0,BROAD,11.43,0,11.43,0.0,11.43,tele piccole per dipingere 15x20,0,ENABLED,tele dipingere 15x20,0.0,1,25.0,1,1,0.49,1,Canvas Panel MANUAL 15x20,452761332739331,100.0,100.0,4.286964129483815,1,82897394850015,EUR,23.3265306122449,1,1,191862694419782,11.43,0.0,402898720958711,0,0.33,tele dipingere 15x20,1,0,0.49,0,DAILY_BUDGET,BROAD,0,1,0.49,11.43,4.286964129483815,11.43,1,1,1,1,1,Canvas Panel MANUAL Detail
